FECHA PRECIO,ANIO,MES,DIA,DEPARTAMENTO,MUNICIPIO,CODIGO MUNICIPIO DANE,PRODUCTO,VALOR PRECIO
01 Apr 2023,2023,4,1,TOLIMA,IBAGUE,73001,ACPM,9390
01 Apr 2023,2023,4,1,TOLIMA,IBAGUE,73001,ACPM,9390
01 Apr 2023,2023,4,1,LA GUAJIRA,FONSECA,44279,KEROSENE,9680
20 Apr 2023,2023,4,20,NORTE DE SANTANDER,EL ZULIA,54261,ACPM,9600
03 Apr 2023,2023,4,3,VALLE DEL CAUCA,BUENAVENTURA,76109,GASOLINA EXTRA,20100
26 Apr 2023,2023,4,26,CESAR,AGUACHICA,20011,ACPM,8240
01 Apr 2023,2023,4,1,CESAR,RIO DE ORO,20614,GASOLINA CORRIENTE,10240
01 Apr 2023,2023,4,1,CESAR,RIO DE ORO,20614,GASOLINA CORRIENTE,10240
01 Apr 2023,2023,4,1,BOYACA,AQUITANIA,15047,ACPM,9664
01 Apr 2023,2023,4,1,ATLANTICO,PUERTO COLOMBIA,08573,GASOLINA EXTRA,19890
01 Apr 2023,2023,4,1,HUILA,HOBO,41349,GASOLINA CORRIENTE,11870
06 Apr 2023,2023,4,6,CAUCA,ALMAGUER,19022,ACPM,10200
01 Apr 2023,2023,4,1,ATLANTICO,SOLEDAD,08758,GASOLINA CORRIENTE,11390
14 Apr 2023,2023,4,14,TOLIMA,ESPINAL,73268,ACPM,8920
04 Apr 2023,2023,4,4,ANTIOQUIA,LA ESTRELLA,05380,GASOLINA CORRIENTE,11340
14 Apr 2023,2023,4,14,CESAR,PELAYA,20550,GASOLINA CORRIENTE,10980
04 Apr 2023,2023,4,4,CAQUETA,BELEN DE LOS ANDAQUIES,18094,ACPM,9860
01 Apr 2023,2023,4,1,SUCRE,COROZAL,70215,GASOLINA CORRIENTE,10640
01 Apr 2023,2023,4,1,SUCRE,COROZAL,70215,GASOLINA CORRIENTE,10640
01 Apr 2023,2023,4,1,CASANARE,SAN LUIS DE PALENQUE,85325,ACPM,9710
01 Apr 2023,2023,4,1,CUNDINAMARCA,GIRARDOT,25307,GASOLINA EXTRA,19802
03 Apr 2023,2023,4,3,ANTIOQUIA,MEDELLIN,05001,GASOLINA CORRIENTE,10850
03 Apr 2023,2023,4,3,HUILA,GARZON,41298,GASOLINA EXTRA,19750
12 Apr 2023,2023,4,12,CORDOBA,MONTERIA,23001,GASOLINA EXTRA,19740
05 Apr 2023,2023,4,5,CUNDINAMARCA,FUSAGASUGA,25290,ACPM,8870
01 Apr 2023,2023,4,1,CAUCA,SUAREZ,19780,ACPM,9600
09 Apr 2023,2023,4,9,LA GUAJIRA,VILLANUEVA,44874,AVIGAS,9769
03 Apr 2023,2023,4,3,ATLANTICO,PUERTO COLOMBIA,08573,ACPM,9680
28 Apr 2023,2023,4,28,NORTE DE SANTANDER,VILLA DEL ROSARIO,54874,GASOLINA CORRIENTE,11820
28 Apr 2023,2023,4,28,NORTE DE SANTANDER,VILLA DEL ROSARIO,54874,GASOLINA CORRIENTE,11820
28 Apr 2023,2023,4,28,NORTE DE SANTANDER,VILLA DEL ROSARIO,54874,GASOLINA CORRIENTE,11820
05 Apr 2023,2023,4,5,NARIÑO,EL CHARCO,52250,GASOLINA CORRIENTE,9800
05 Apr 2023,2023,4,5,NARIÑO,EL CHARCO,52250,GASOLINA CORRIENTE,9800
05 Apr 2023,2023,4,5,NARIÑO,EL CHARCO,52250,GASOLINA CORRIENTE,9800
05 Apr 2023,2023,4,5,NARIÑO,EL CHARCO,52250,GASOLINA CORRIENTE,9800
05 Apr 2023,2023,4,5,NARIÑO,EL CHARCO,52250,GASOLINA CORRIENTE,9800
05 Apr 2023,2023,4,5,NARIÑO,EL CHARCO,52250,GASOLINA CORRIENTE,9800
05 Apr 2023,2023,4,5,NARIÑO,EL CHARCO,52250,GASOLINA CORRIENTE,9800
05 Apr 2023,2023,4,5,NARIÑO,EL CHARCO,52250,GASOLINA CORRIENTE,9800
03 Apr 2023,2023,4,3,CAUCA,PURACE,19585,GASOLINA CORRIENTE,11640
03 Apr 2023,2023,4,3,ANTIOQUIA,BELLO,05088,ACPM,10152
01 Apr 2023,2023,4,1,NORTE DE SANTANDER,SAN CALIXTO,54670,ACPM,7600
01 Apr 2023,2023,4,1,NORTE DE SANTANDER,LOS PATIOS,54405,GASOLINA CORRIENTE,11420
12 Apr 2023,2023,4,12,NARIÑO,SAN ANDRES DE TUMACO,52835,ACPM,11500
12 Apr 2023,2023,4,12,NARIÑO,SAN ANDRES DE TUMACO,52835,ACPM,11500
01 Apr 2023,2023,4,1,AMAZONAS,LETICIA,91001,GASOLINA CORRIENTE,12967
10 Apr 2023,2023,4,10,VALLE DEL CAUCA,CALI,76001,GASOLINA CORRIENTE,11218
01 Apr 2023,2023,4,1,HUILA,LA PLATA,41396,GASOLINA CORRIENTE,11640
28 Apr 2023,2023,4,28,NORTE DE SANTANDER,VILLA DEL ROSARIO,54874,GASOLINA CORRIENTE,11817
01 Apr 2023,2023,4,1,META,URIBE,50370,ACPM,10800
01 Apr 2023,2023,4,1,ANTIOQUIA,CAUCASIA,05154,GASOLINA EXTRA,20500
05 Apr 2023,2023,4,5,NORTE DE SANTANDER,VILLA DEL ROSARIO,54874,ACPM,7157
19 Apr 2023,2023,4,19,RISARALDA,PEREIRA,66001,ACPM,9010
02 Apr 2023,2023,4,2,PUTUMAYO,ORITO,86320,GASOLINA CORRIENTE,10850
03 Apr 2023,2023,4,3,RISARALDA,MARSELLA,66440,ACPM,9290
03 Apr 2023,2023,4,3,ANTIOQUIA,YOLOMBO,05890,ACPM,9000
04 Apr 2023,2023,4,4,CESAR,PAILITAS,20517,GASOLINA CORRIENTE,9400
03 Apr 2023,2023,4,3,VALLE DEL CAUCA,CALI,76001,ACPM,9450
03 Apr 2023,2023,4,3,TOLIMA,SAN SEBASTIAN DE MARIQUITA,73443,ACPM,9185
03 Apr 2023,2023,4,3,CASANARE,PORE,85263,GASOLINA CORRIENTE,11790
03 Apr 2023,2023,4,3,HUILA,NEIVA,41001,ACPM,9280
05 Apr 2023,2023,4,5,VALLE DEL CAUCA,LA VICTORIA,76403,ACPM,8860
14 Apr 2023,2023,4,14,VALLE DEL CAUCA,YUMBO,76892,GASOLINA CORRIENTE,11050
11 Apr 2023,2023,4,11,NARIÑO,LEIVA,52405,GASOLINA CORRIENTE,11700
01 Apr 2023,2023,4,1,CUNDINAMARCA,EL ROSAL,25260,GASOLINA CORRIENTE,10910
03 Apr 2023,2023,4,3,SANTANDER,BARICHARA,68079,GASOLINA CORRIENTE,11365
19 Apr 2023,2023,4,19,VICHADA,CUMARIBO,99773,ACPM,9500
03 Apr 2023,2023,4,3,BOLIVAR,EL CARMEN DE BOLIVAR,13244,GASOLINA CORRIENTE,11550
03 Apr 2023,2023,4,3,BOLIVAR,EL CARMEN DE BOLIVAR,13244,GASOLINA CORRIENTE,11550
01 Apr 2023,2023,4,1,ANTIOQUIA,ARBOLETES,05051,GASOLINA CORRIENTE,11470
01 Apr 2023,2023,4,1,VALLE DEL CAUCA,PALMIRA,76520,GASOLINA CORRIENTE,11090
17 Apr 2023,2023,4,17,NARIÑO,SAN PABLO,52693,ACPM,8700
17 Apr 2023,2023,4,17,NARIÑO,SAN PABLO,52693,ACPM,8700
03 Apr 2023,2023,4,3,ANTIOQUIA,ZARAGOZA,05895,GASOLINA CORRIENTE,11830
03 Apr 2023,2023,4,3,ANTIOQUIA,ZARAGOZA,05895,GASOLINA CORRIENTE,11830
01 Apr 2023,2023,4,1,TOLIMA,IBAGUE,73001,GASOLINA CORRIENTE,10850
02 Apr 2023,2023,4,2,CORDOBA,SAHAGUN,23660,GASOLINA CORRIENTE,11600
01 Apr 2023,2023,4,1,CUNDINAMARCA,CHIA,25175,ACPM,9162
03 Apr 2023,2023,4,3,CASANARE,PAZ DE ARIPORO,85250,ACPM,9570
03 Apr 2023,2023,4,3,VALLE DEL CAUCA,CANDELARIA,76130,GASOLINA CORRIENTE,11430
01 Apr 2023,2023,4,1,CHOCO,QUIBDO,27001,GASOLINA CORRIENTE,12010
03 Apr 2023,2023,4,3,CUNDINAMARCA,COTA,25214,ACPM,9350
03 Apr 2023,2023,4,3,CUNDINAMARCA,COTA,25214,ACPM,9350
24 Apr 2023,2023,4,24,NORTE DE SANTANDER,SAN JOSE DE CUCUTA,54001,GASOLINA CORRIENTE,11796
24 Apr 2023,2023,4,24,NORTE DE SANTANDER,SAN JOSE DE CUCUTA,54001,GASOLINA CORRIENTE,11796
01 Apr 2023,2023,4,1,CALDAS,MARMATO,17442,GASOLINA CORRIENTE,11050
03 Apr 2023,2023,4,3,VALLE DEL CAUCA,CALI,76001,GASOLINA CORRIENTE,11470
01 Apr 2023,2023,4,1,CORDOBA,MONTERIA,23001,GASOLINA EXTRA,19810
03 Apr 2023,2023,4,3,LA GUAJIRA,MANAURE,44560,AVIGAS,9022
03 Apr 2023,2023,4,3,LA GUAJIRA,MANAURE,44560,AVIGAS,9022
16 Apr 2023,2023,4,16,META,VILLAVICENCIO,50001,ACPM,10540
23 Apr 2023,2023,4,23,NORTE DE SANTANDER,SAN JOSE DE CUCUTA,54001,GASOLINA CORRIENTE,11640
03 Apr 2023,2023,4,3,HUILA,ISNOS,41359,ACPM,9800
03 Apr 2023,2023,4,3,HUILA,ISNOS,41359,ACPM,9800
28 Apr 2023,2023,4,28,CESAR,AGUACHICA,20011,GASOLINA EXTRA,19998
25 Apr 2023,2023,4,25,CESAR,LA PAZ,20621,GASOLINA CORRIENTE,9740
12 Apr 2023,2023,4,12,CESAR,AGUACHICA,20011,ACPM,8250
03 Apr 2023,2023,4,3,VALLE DEL CAUCA,RESTREPO,76606,ACPM,9650
14 Apr 2023,2023,4,14,PUTUMAYO,ORITO,86320,GASOLINA CORRIENTE,12360
04 Apr 2023,2023,4,4,ANTIOQUIA,PUERTO BERRIO,05579,GASOLINA EXTRA,19200
05 Apr 2023,2023,4,5,ATLANTICO,BARRANQUILLA,08001,GASOLINA CORRIENTE,10840
05 Apr 2023,2023,4,5,ATLANTICO,BARRANQUILLA,08001,GASOLINA CORRIENTE,10840
01 Apr 2023,2023,4,1,META,VILLAVICENCIO,50001,GASOLINA EXTRA,20140
28 Apr 2023,2023,4,28,LA GUAJIRA,DIBULLA,44090,KEROSENE,11862
24 Apr 2023,2023,4,24,NORTE DE SANTANDER,ABREGO,54003,GASOLINA CORRIENTE,9950
01 Apr 2023,2023,4,1,VALLE DEL CAUCA,CANDELARIA,76130,ACPM,9040
01 Apr 2023,2023,4,1,VALLE DEL CAUCA,CANDELARIA,76130,ACPM,9040
01 Apr 2023,2023,4,1,VALLE DEL CAUCA,CANDELARIA,76130,ACPM,9040
03 Apr 2023,2023,4,3,ATLANTICO,BARRANQUILLA,08001,GASOLINA EXTRA,19850
01 Apr 2023,2023,4,1,SANTANDER,BUCARAMANGA,68001,ACPM,9640
01 Apr 2023,2023,4,1,LA GUAJIRA,RIOHACHA,44001,GASOLINA CORRIENTE,7500
01 Apr 2023,2023,4,1,VALLE DEL CAUCA,YUMBO,76892,GASOLINA CORRIENTE,11290
01 Apr 2023,2023,4,1,VALLE DEL CAUCA,YUMBO,76892,GASOLINA CORRIENTE,11290
05 Apr 2023,2023,4,5,SUCRE,SINCELEJO,70001,ACPM,9240
23 Apr 2023,2023,4,23,CESAR,VALLEDUPAR,20001,ACPM,8060
10 Apr 2023,2023,4,10,VALLE DEL CAUCA,CALI,76001,GASOLINA EXTRA,18820
05 Apr 2023,2023,4,5,BOYACA,TUNJA,15001,ACPM,11240
02 Apr 2023,2023,4,2,CALDAS,PENSILVANIA,17541,ACPM,9800
05 Apr 2023,2023,4,5,CORDOBA,SAN CARLOS,23678,GASOLINA CORRIENTE,11500
05 Apr 2023,2023,4,5,CORDOBA,SAN CARLOS,23678,GASOLINA CORRIENTE,11500
01 Apr 2023,2023,4,1,CUNDINAMARCA,COTA,25214,ACPM,9150
05 Apr 2023,2023,4,5,NARIÑO,SAN PABLO,52693,ACPM,8593
01 Apr 2023,2023,4,1,ANTIOQUIA,ITAGUI,05360,GASOLINA CORRIENTE,11500
03 Apr 2023,2023,4,3,CHOCO,QUIBDO,27001,GASOLINA CORRIENTE,12170
01 Apr 2023,2023,4,1,PUTUMAYO,PUERTO LEGUIZAMO,86573,GASOLINA CORRIENTE,11640
01 Apr 2023,2023,4,1,CUNDINAMARCA,CHIA,25175,ACPM,8789
01 Apr 2023,2023,4,1,TOLIMA,LIBANO,73411,ACPM,9510
04 Apr 2023,2023,4,4,CALDAS,RISARALDA,17616,GASOLINA CORRIENTE,11830
01 Apr 2023,2023,4,1,ATLANTICO,BARRANQUILLA,08001,GASOLINA CORRIENTE,11590
01 Apr 2023,2023,4,1,ATLANTICO,BARRANQUILLA,08001,GASOLINA CORRIENTE,11590
04 Apr 2023,2023,4,4,QUINDIO,CIRCASIA,63190,GASOLINA CORRIENTE,12024
01 Apr 2023,2023,4,1,NARIÑO,CUASPUD,52224,GASOLINA CORRIENTE,9880
01 Apr 2023,2023,4,1,TOLIMA,IBAGUE,73001,GASOLINA CORRIENTE,11420
01 Apr 2023,2023,4,1,LA GUAJIRA,MAICAO,44430,JP- 1A,7600
14 Apr 2023,2023,4,14,TOLIMA,VILLARRICA,73873,GASOLINA CORRIENTE,11980
03 Apr 2023,2023,4,3,PUTUMAYO,PUERTO CAICEDO,86569,GASOLINA CORRIENTE,12300
03 Apr 2023,2023,4,3,TOLIMA,FLANDES,73275,GASOLINA EXTRA,15000
01 Apr 2023,2023,4,1,NARIÑO,GUACHUCAL,52317,ACPM,8730
03 Apr 2023,2023,4,3,ANTIOQUIA,ANORI,05040,GASOLINA CORRIENTE,12400
02 Apr 2023,2023,4,2,CUNDINAMARCA,GRANADA,25312,GASOLINA CORRIENTE,11640
02 Apr 2023,2023,4,2,CUNDINAMARCA,GRANADA,25312,GASOLINA CORRIENTE,11640
04 Apr 2023,2023,4,4,SUCRE,SINCELEJO,70001,ACPM,9300
21 Apr 2023,2023,4,21,TOLIMA,MELGAR,73449,ACPM,9330
17 Apr 2023,2023,4,17,CESAR,AGUACHICA,20011,ACPM,8190
01 Apr 2023,2023,4,1,SANTANDER,SUAITA,68770,GASOLINA CORRIENTE,10840
01 Apr 2023,2023,4,1,SANTANDER,SUAITA,68770,GASOLINA CORRIENTE,10840
01 Apr 2023,2023,4,1,CUNDINAMARCA,FUSAGASUGA,25290,GASOLINA CORRIENTE,11390
01 Apr 2023,2023,4,1,CUNDINAMARCA,FUSAGASUGA,25290,GASOLINA CORRIENTE,11390
01 Apr 2023,2023,4,1,CUNDINAMARCA,FUSAGASUGA,25290,GASOLINA CORRIENTE,11390
02 Apr 2023,2023,4,2,CESAR,SAN ALBERTO,20710,GASOLINA CORRIENTE,9457
10 Apr 2023,2023,4,10,ANTIOQUIA,GIRARDOTA,05308,GASOLINA CORRIENTE,11490
11 Apr 2023,2023,4,11,CORDOBA,CERETE,23162,GASOLINA EXTRA,19250
05 Apr 2023,2023,4,5,CAQUETA,PUERTO RICO,18592,ACPM,10400
18 Apr 2023,2023,4,18,NARIÑO,ROBERTO PAYAN,52621,GASOLINA CORRIENTE,8410
03 Apr 2023,2023,4,3,CAUCA,POPAYAN,19001,GASOLINA EXTRA,19500
01 Apr 2023,2023,4,1,ATLANTICO,BARRANQUILLA,08001,GASOLINA CORRIENTE,10800
01 Apr 2023,2023,4,1,ATLANTICO,BARRANQUILLA,08001,GASOLINA CORRIENTE,10800
01 Apr 2023,2023,4,1,ATLANTICO,BARRANQUILLA,08001,GASOLINA CORRIENTE,10800
04 Apr 2023,2023,4,4,CUNDINAMARCA,NEMOCON,25486,GASOLINA CORRIENTE,9200
01 Apr 2023,2023,4,1,VALLE DEL CAUCA,GUADALAJARA DE BUGA,76111,GASOLINA EXTRA,19500
19 Apr 2023,2023,4,19,CESAR,SAN ALBERTO,20710,GASOLINA EXTRA,19000
04 Apr 2023,2023,4,4,GUAVIARE,EL RETORNO,95025,GASOLINA CORRIENTE,10400
28 Apr 2023,2023,4,28,RISARALDA,PEREIRA,66001,GASOLINA CORRIENTE,11090
01 Apr 2023,2023,4,1,TOLIMA,IBAGUE,73001,ACPM,9425
03 Apr 2023,2023,4,3,CUNDINAMARCA,PACHO,25513,GASOLINA CORRIENTE,11740
25 Apr 2023,2023,4,25,CESAR,CURUMANI,20228,ACPM,8930
25 Apr 2023,2023,4,25,CESAR,CURUMANI,20228,ACPM,8930
01 Apr 2023,2023,4,1,CESAR,AGUACHICA,20011,ACPM,8500
01 Apr 2023,2023,4,1,TOLIMA,ESPINAL,73268,ACPM,9400
01 Apr 2023,2023,4,1,ANTIOQUIA,LA UNION,05400,ACPM,9585
24 Apr 2023,2023,4,24,NORTE DE SANTANDER,TOLEDO,54820,ACPM,9140
10 Apr 2023,2023,4,10,NARIÑO,SAN ANDRES DE TUMACO,52835,GASOLINA CORRIENTE,10500
10 Apr 2023,2023,4,10,META,CASTILLA LA NUEVA,50150,ACPM,9690
21 Apr 2023,2023,4,21,META,VILLAVICENCIO,50001,ACPM,8990
01 Apr 2023,2023,4,1,VALLE DEL CAUCA,CALI,76001,ACPM,9380
03 Apr 2023,2023,4,3,TOLIMA,RONCESVALLES,73622,ACPM,12300
03 Apr 2023,2023,4,3,VALLE DEL CAUCA,CALI,76001,ACPM,9510
03 Apr 2023,2023,4,3,CESAR,SAN MARTIN,20770,ACPM,8100
02 Apr 2023,2023,4,2,ANTIOQUIA,PUERTO TRIUNFO,05591,ACPM,9630
04 Apr 2023,2023,4,4,BOYACA,PAIPA,15516,GASOLINA CORRIENTE,9490
13 Apr 2023,2023,4,13,NARIÑO,SAN ANDRES DE TUMACO,52835,ACPM,9000
07 Apr 2023,2023,4,7,NARIÑO,SAN ANDRES DE TUMACO,52835,GASOLINA CORRIENTE,9350
07 Apr 2023,2023,4,7,NARIÑO,SAN ANDRES DE TUMACO,52835,GASOLINA CORRIENTE,9350
07 Apr 2023,2023,4,7,NARIÑO,SAN ANDRES DE TUMACO,52835,GASOLINA CORRIENTE,9350
07 Apr 2023,2023,4,7,NARIÑO,SAN ANDRES DE TUMACO,52835,GASOLINA CORRIENTE,9350
07 Apr 2023,2023,4,7,NARIÑO,SAN ANDRES DE TUMACO,52835,GASOLINA CORRIENTE,9350
07 Apr 2023,2023,4,7,NARIÑO,SAN ANDRES DE TUMACO,52835,GASOLINA CORRIENTE,9350
07 Apr 2023,2023,4,7,NARIÑO,SAN ANDRES DE TUMACO,52835,GASOLINA CORRIENTE,9350
07 Apr 2023,2023,4,7,NARIÑO,SAN ANDRES DE TUMACO,52835,GASOLINA CORRIENTE,9350
01 Apr 2023,2023,4,1,BOLIVAR,CARTAGENA DE INDIAS,13001,ACPM,8949
03 Apr 2023,2023,4,3,VALLE DEL CAUCA,PALMIRA,76520,ACPM,9230
18 Apr 2023,2023,4,18,CESAR,SAN ALBERTO,20710,GASOLINA EXTRA,19250
13 Apr 2023,2023,4,13,NORTE DE SANTANDER,EL TARRA,54250,ACPM,7463
03 Apr 2023,2023,4,3,CUNDINAMARCA,SASAIMA,25718,GASOLINA CORRIENTE,11575
01 Apr 2023,2023,4,1,SANTANDER,LOS SANTOS,68418,GASOLINA CORRIENTE,11130
01 Apr 2023,2023,4,1,CAUCA,POPAYAN,19001,GASOLINA EXTRA,18900
10 Apr 2023,2023,4,10,CALDAS,LA MERCED,17388,ACPM,9420
19 Apr 2023,2023,4,19,PUTUMAYO,VILLAGARZON,86885,GASOLINA CORRIENTE,12100
24 Apr 2023,2023,4,24,CESAR,AGUACHICA,20011,GASOLINA CORRIENTE,9411
01 Apr 2023,2023,4,1,ANTIOQUIA,MEDELLIN,05001,GASOLINA EXTRA,21780
01 Apr 2023,2023,4,1,CUNDINAMARCA,PASCA,25535,ACPM,9650
01 Apr 2023,2023,4,1,CUNDINAMARCA,MADRID,25430,ACPM,9070
01 Apr 2023,2023,4,1,BOLIVAR,ARJONA,13052,GASOLINA CORRIENTE,10449
02 Apr 2023,2023,4,2,PUTUMAYO,SAN FRANCISCO,86755,ACPM,9600
03 Apr 2023,2023,4,3,CUNDINAMARCA,SUESCA,25772,ACPM,9268
04 Apr 2023,2023,4,4,ANTIOQUIA,COCORNA,05197,ACPM,9297
01 Apr 2023,2023,4,1,SANTANDER,SAN GIL,68679,GASOLINA EXTRA,19360
03 Apr 2023,2023,4,3,CESAR,SAN MARTIN,20770,GASOLINA CORRIENTE,9400
01 Apr 2023,2023,4,1,ANTIOQUIA,MEDELLIN,05001,GASOLINA CORRIENTE,11450
20 Apr 2023,2023,4,20,NORTE DE SANTANDER,OCAÑA,54498,GASOLINA CORRIENTE,10070
02 Apr 2023,2023,4,2,HUILA,IQUIRA,41357,GASOLINA CORRIENTE,12046
03 Apr 2023,2023,4,3,BOYACA,DUITAMA,15238,ACPM,8895
13 Apr 2023,2023,4,13,NORTE DE SANTANDER,VILLA DEL ROSARIO,54874,GASOLINA CORRIENTE,11800
02 Apr 2023,2023,4,2,LA GUAJIRA,SAN JUAN DEL CESAR,44650,KEROSENE,9800
12 Apr 2023,2023,4,12,NORTE DE SANTANDER,VILLA DEL ROSARIO,54874,ACPM,9610
02 Apr 2023,2023,4,2,TOLIMA,VENADILLO,73861,GASOLINA CORRIENTE,11370
03 Apr 2023,2023,4,3,BOYACA,TIBASOSA,15806,ACPM,9480
02 Apr 2023,2023,4,2,CUNDINAMARCA,TENJO,25799,GASOLINA CORRIENTE,11399
05 Apr 2023,2023,4,5,QUINDIO,CALARCA,63130,GASOLINA CORRIENTE,11390
03 Apr 2023,2023,4,3,VALLE DEL CAUCA,JAMUNDI,76364,ACPM,9470
01 Apr 2023,2023,4,1,ANTIOQUIA,MEDELLIN,05001,ACPM,9720
01 Apr 2023,2023,4,1,CUNDINAMARCA,ANOLAIMA,25040,ACPM,9210
01 Apr 2023,2023,4,1,NARIÑO,BARBACOAS,52079,ACPM,8790
01 Apr 2023,2023,4,1,LA GUAJIRA,MAICAO,44430,KEROSENE,9600
01 Apr 2023,2023,4,1,LA GUAJIRA,MAICAO,44430,KEROSENE,9600
01 Apr 2023,2023,4,1,VALLE DEL CAUCA,LA VICTORIA,76403,GASOLINA CORRIENTE,11050
01 Apr 2023,2023,4,1,ANTIOQUIA,HISPANIA,05353,GASOLINA EXTRA,20500
01 Apr 2023,2023,4,1,RISARALDA,PEREIRA,66001,GASOLINA CORRIENTE,11390
01 Apr 2023,2023,4,1,RISARALDA,PEREIRA,66001,GASOLINA CORRIENTE,11390
20 Apr 2023,2023,4,20,NARIÑO,RICAURTE,52612,ACPM,8700
04 Apr 2023,2023,4,4,CORDOBA,MONTERIA,23001,GASOLINA EXTRA,19810
03 Apr 2023,2023,4,3,NARIÑO,MAGUI,52427,ACPM,8750
22 Apr 2023,2023,4,22,NARIÑO,SAN ANDRES DE TUMACO,52835,ACPM,9180
22 Apr 2023,2023,4,22,NARIÑO,SAN ANDRES DE TUMACO,52835,ACPM,9180
22 Apr 2023,2023,4,22,NARIÑO,SAN ANDRES DE TUMACO,52835,ACPM,9180
01 Apr 2023,2023,4,1,PUTUMAYO,PUERTO ASIS,86568,GASOLINA CORRIENTE,10660
01 Apr 2023,2023,4,1,VALLE DEL CAUCA,CALI,76001,GASOLINA EXTRA,19265
10 Apr 2023,2023,4,10,CESAR,AGUACHICA,20011,ACPM,8100
07 Apr 2023,2023,4,7,NARIÑO,POLICARPA,52540,GASOLINA CORRIENTE,8470
04 Apr 2023,2023,4,4,TOLIMA,ROVIRA,73624,ACPM,9560
29 Apr 2023,2023,4,29,NORTE DE SANTANDER,SAN JOSE DE CUCUTA,54001,GASOLINA CORRIENTE,11550
29 Apr 2023,2023,4,29,NORTE DE SANTANDER,SAN JOSE DE CUCUTA,54001,GASOLINA CORRIENTE,11550
01 Apr 2023,2023,4,1,SANTANDER,LA BELLEZA,68377,GASOLINA CORRIENTE,12050
03 Apr 2023,2023,4,3,ANTIOQUIA,EL BAGRE,05250,GASOLINA CORRIENTE,11500
03 Apr 2023,2023,4,3,ANTIOQUIA,EL BAGRE,05250,GASOLINA CORRIENTE,11500
03 Apr 2023,2023,4,3,LA GUAJIRA,LA JAGUA DEL PILAR,44420,AVIGAS,9250
03 Apr 2023,2023,4,3,LA GUAJIRA,LA JAGUA DEL PILAR,44420,AVIGAS,9250
01 Apr 2023,2023,4,1,CALDAS,MANIZALES,17001,GASOLINA CORRIENTE,11180
01 Apr 2023,2023,4,1,CALDAS,MANIZALES,17001,GASOLINA CORRIENTE,11180
21 Apr 2023,2023,4,21,CESAR,PAILITAS,20517,ACPM,8500
05 Apr 2023,2023,4,5,CESAR,PAILITAS,20517,GASOLINA EXTRA,9400
01 Apr 2023,2023,4,1,CAUCA,POPAYAN,19001,ACPM,9851
29 Apr 2023,2023,4,29,RISARALDA,PEREIRA,66001,ACPM,9390
01 Apr 2023,2023,4,1,HUILA,NEIVA,41001,ACPM,9450
04 Apr 2023,2023,4,4,ANTIOQUIA,PUERTO TRIUNFO,05591,GASOLINA CORRIENTE,11300
01 Apr 2023,2023,4,1,NARIÑO,EL CHARCO,52250,GASOLINA CORRIENTE,9230
01 Apr 2023,2023,4,1,RISARALDA,PEREIRA,66001,GASOLINA EXTRA,19900
14 Apr 2023,2023,4,14,CUNDINAMARCA,CAJICA,25126,GASOLINA CORRIENTE,11190
14 Apr 2023,2023,4,14,CUNDINAMARCA,CAJICA,25126,GASOLINA CORRIENTE,11190
03 Apr 2023,2023,4,3,ANTIOQUIA,JERICO,05368,GASOLINA EXTRA,20140
04 Apr 2023,2023,4,4,BOYACA,SAN LUIS DE GACENO,15667,GASOLINA CORRIENTE,11870
01 Apr 2023,2023,4,1,BOYACA,GUATEQUE,15322,GASOLINA CORRIENTE,11385
02 Apr 2023,2023,4,2,SUCRE,MAJAGUAL,70429,ACPM,9800
01 Apr 2023,2023,4,1,CALDAS,LA DORADA,17380,GASOLINA EXTRA,19880
02 Apr 2023,2023,4,2,NARIÑO,GUACHUCAL,52317,GASOLINA CORRIENTE,9700
01 Apr 2023,2023,4,1,RISARALDA,DOSQUEBRADAS,66170,GASOLINA EXTRA,19250
01 Apr 2023,2023,4,1,CASANARE,YOPAL,85001,ACPM,9270
03 Apr 2023,2023,4,3,TOLIMA,PRADO,73563,GASOLINA CORRIENTE,11570
01 Apr 2023,2023,4,1,RISARALDA,MARSELLA,66440,GASOLINA CORRIENTE,11480
01 Apr 2023,2023,4,1,CAUCA,SANTANDER DE QUILICHAO,19698,GASOLINA CORRIENTE,11740
12 Apr 2023,2023,4,12,ANTIOQUIA,ARMENIA,05059,GASOLINA CORRIENTE,11600
10 Apr 2023,2023,4,10,META,VILLAVICENCIO,50001,ACPM,9160
11 Apr 2023,2023,4,11,NORTE DE SANTANDER,VILLA DEL ROSARIO,54874,GASOLINA CORRIENTE,9717
01 Apr 2023,2023,4,1,ANTIOQUIA,NECOCLI,05490,GASOLINA EXTRA,19090
01 Apr 2023,2023,4,1,VALLE DEL CAUCA,CALI,76001,GASOLINA EXTRA,18820
01 Apr 2023,2023,4,1,VALLE DEL CAUCA,CALI,76001,GASOLINA EXTRA,18820
01 Apr 2023,2023,4,1,VALLE DEL CAUCA,CALI,76001,GASOLINA EXTRA,18820
01 Apr 2023,2023,4,1,VALLE DEL CAUCA,CALI,76001,GASOLINA EXTRA,18820
01 Apr 2023,2023,4,1,VALLE DEL CAUCA,CALI,76001,GASOLINA EXTRA,18820
01 Apr 2023,2023,4,1,VALLE DEL CAUCA,CALI,76001,GASOLINA EXTRA,18820
22 Apr 2023,2023,4,22,NORTE DE SANTANDER,SAN JOSE DE CUCUTA,54001,GASOLINA CORRIENTE,11690
03 Apr 2023,2023,4,3,CUNDINAMARCA,FUSAGASUGA,25290,GASOLINA CORRIENTE,11520
04 Apr 2023,2023,4,4,TOLIMA,ORTEGA,73504,GASOLINA CORRIENTE,11350
03 Apr 2023,2023,4,3,CAUCA,POPAYAN,19001,GASOLINA CORRIENTE,11700
03 Apr 2023,2023,4,3,SANTANDER,PIEDECUESTA,68547,GASOLINA EXTRA,18540
04 Apr 2023,2023,4,4,BOYACA,TUNJA,15001,GASOLINA EXTRA,19990
04 Apr 2023,2023,4,4,META,CASTILLA LA NUEVA,50150,GASOLINA CORRIENTE,12060
03 Apr 2023,2023,4,3,VALLE DEL CAUCA,CALI,76001,GASOLINA EXTRA,19000
02 Apr 2023,2023,4,2,NARIÑO,POLICARPA,52540,ACPM,9400
03 Apr 2023,2023,4,3,CESAR,AGUACHICA,20011,ACPM,8199
01 Apr 2023,2023,4,1,NORTE DE SANTANDER,SAN JOSE DE CUCUTA,54001,GASOLINA CORRIENTE,9700
01 Apr 2023,2023,4,1,NORTE DE SANTANDER,SAN JOSE DE CUCUTA,54001,GASOLINA CORRIENTE,9700
01 Apr 2023,2023,4,1,NORTE DE SANTANDER,SAN JOSE DE CUCUTA,54001,GASOLINA CORRIENTE,9700
01 Apr 2023,2023,4,1,NORTE DE SANTANDER,SAN JOSE DE CUCUTA,54001,GASOLINA CORRIENTE,9700
01 Apr 2023,2023,4,1,NORTE DE SANTANDER,SAN JOSE DE CUCUTA,54001,GASOLINA CORRIENTE,9700
01 Apr 2023,2023,4,1,NORTE DE SANTANDER,SAN JOSE DE CUCUTA,54001,GASOLINA CORRIENTE,9700
01 Apr 2023,2023,4,1,NORTE DE SANTANDER,SAN JOSE DE CUCUTA,54001,GASOLINA CORRIENTE,9700
01 Apr 2023,2023,4,1,NORTE DE SANTANDER,SAN JOSE DE CUCUTA,54001,GASOLINA CORRIENTE,9700
01 Apr 2023,2023,4,1,NORTE DE SANTANDER,SAN JOSE DE CUCUTA,54001,GASOLINA CORRIENTE,9700
01 Apr 2023,2023,4,1,NORTE DE SANTANDER,SAN JOSE DE CUCUTA,54001,GASOLINA CORRIENTE,9700
01 Apr 2023,2023,4,1,NORTE DE SANTANDER,SAN JOSE DE CUCUTA,54001,GASOLINA CORRIENTE,9700
01 Apr 2023,2023,4,1,NORTE DE SANTANDER,SAN JOSE DE CUCUTA,54001,GASOLINA CORRIENTE,9700
01 Apr 2023,2023,4,1,NORTE DE SANTANDER,SAN JOSE DE CUCUTA,54001,GASOLINA CORRIENTE,9700
01 Apr 2023,2023,4,1,NORTE DE SANTANDER,SAN JOSE DE CUCUTA,54001,GASOLINA CORRIENTE,9700
01 Apr 2023,2023,4,1,NARIÑO,EL CHARCO,52250,GASOLINA CORRIENTE,9100
01 Apr 2023,2023,4,1,NARIÑO,EL CHARCO,52250,GASOLINA CORRIENTE,9100
18 Apr 2023,2023,4,18,NARIÑO,ROBERTO PAYAN,52621,ACPM,8000
01 Apr 2023,2023,4,1,CALDAS,LA DORADA,17380,ACPM,8930
01 Apr 2023,2023,4,1,CALDAS,LA DORADA,17380,ACPM,8930
05 Apr 2023,2023,4,5,ANTIOQUIA,BELLO,05088,ACPM,11500
01 Apr 2023,2023,4,1,CASANARE,YOPAL,85001,GASOLINA CORRIENTE,11840
01 Apr 2023,2023,4,1,ANTIOQUIA,LA ESTRELLA,05380,ACPM,9500
05 Apr 2023,2023,4,5,VALLE DEL CAUCA,CALI,76001,ACPM,9480
01 Apr 2023,2023,4,1,NARIÑO,LOS ANDES,52418,GASOLINA CORRIENTE,9240
10 Apr 2023,2023,4,10,LA GUAJIRA,BARRANCAS,44078,KEROSENE,9688
01 Apr 2023,2023,4,1,BOLIVAR,CARTAGENA DE INDIAS,13001,GASOLINA CORRIENTE,10570
03 Apr 2023,2023,4,3,NORTE DE SANTANDER,ABREGO,54003,GASOLINA CORRIENTE,10100
04 Apr 2023,2023,4,4,CORDOBA,SAN PELAYO,23686,GASOLINA CORRIENTE,11690
01 Apr 2023,2023,4,1,ARAUCA,TAME,81794,ACPM,8980
01 Apr 2023,2023,4,1,SUCRE,SINCELEJO,70001,GASOLINA CORRIENTE,11400
24 Apr 2023,2023,4,24,NORTE DE SANTANDER,SAN JOSE DE CUCUTA,54001,ACPM,9610
24 Apr 2023,2023,4,24,NORTE DE SANTANDER,SAN JOSE DE CUCUTA,54001,ACPM,9610
24 Apr 2023,2023,4,24,NORTE DE SANTANDER,SAN JOSE DE CUCUTA,54001,ACPM,9610
11 Apr 2023,2023,4,11,NARIÑO,BARBACOAS,52079,GASOLINA CORRIENTE,11790
02 Apr 2023,2023,4,2,BOLIVAR,SAN JUAN NEPOMUCENO,13657,GASOLINA CORRIENTE,11100
04 Apr 2023,2023,4,4,ANTIOQUIA,CAUCASIA,05154,ACPM,9760
01 Apr 2023,2023,4,1,CUNDINAMARCA,FUSAGASUGA,25290,ACPM,9322
01 Apr 2023,2023,4,1,CUNDINAMARCA,FUSAGASUGA,25290,ACPM,9322
17 Apr 2023,2023,4,17,PUTUMAYO,PUERTO ASIS,86568,ACPM,10162
03 Apr 2023,2023,4,3,SANTANDER,BUCARAMANGA,68001,ACPM,8790
06 Apr 2023,2023,4,6,VALLE DEL CAUCA,BOLIVAR,76100,ACPM,9850
01 Apr 2023,2023,4,1,ANTIOQUIA,SABANETA,05631,GASOLINA CORRIENTE,11110
03 Apr 2023,2023,4,3,META,VILLAVICENCIO,50001,ACPM,9530
03 Apr 2023,2023,4,3,META,CASTILLA LA NUEVA,50150,GASOLINA EXTRA,20290
03 Apr 2023,2023,4,3,PUTUMAYO,PUERTO ASIS,86568,GASOLINA CORRIENTE,10592
20 Apr 2023,2023,4,20,CESAR,SAN ALBERTO,20710,GASOLINA EXTRA,19069
03 Apr 2023,2023,4,3,CESAR,LA PAZ,20621,ACPM,8050
03 Apr 2023,2023,4,3,CESAR,LA PAZ,20621,ACPM,8050
04 Apr 2023,2023,4,4,ANTIOQUIA,MEDELLIN,05001,GASOLINA CORRIENTE,10850
13 Apr 2023,2023,4,13,CESAR,AGUACHICA,20011,GASOLINA EXTRA,19406
01 Apr 2023,2023,4,1,TOLIMA,IBAGUE,73001,GASOLINA EXTRA,19141
01 Apr 2023,2023,4,1,TOLIMA,IBAGUE,73001,GASOLINA EXTRA,19141
01 Apr 2023,2023,4,1,TOLIMA,IBAGUE,73001,GASOLINA EXTRA,19141
03 Apr 2023,2023,4,3,ANTIOQUIA,MEDELLIN,05001,GASOLINA CORRIENTE,11500
01 Apr 2023,2023,4,1,CUNDINAMARCA,TABIO,25785,ACPM,9210
28 Apr 2023,2023,4,28,CESAR,SAN ALBERTO,20710,ACPM,8269
05 Apr 2023,2023,4,5,TOLIMA,SALDAÑA,73671,GASOLINA CORRIENTE,11300
05 Apr 2023,2023,4,5,ATLANTICO,SABANALARGA,08638,ACPM,9014
01 Apr 2023,2023,4,1,CAUCA,PIENDAMO - TUNIA,19548,GASOLINA CORRIENTE,11350
28 Apr 2023,2023,4,28,NORTE DE SANTANDER,SAN JOSE DE CUCUTA,54001,GASOLINA CORRIENTE,11820
03 Apr 2023,2023,4,3,BOYACA,CHIQUINQUIRA,15176,GASOLINA EXTRA,19780
25 Apr 2023,2023,4,25,NORTE DE SANTANDER,SAN JOSE DE CUCUTA,54001,GASOLINA CORRIENTE,11599
03 Apr 2023,2023,4,3,SANTANDER,SOCORRO,68755,ACPM,9250
22 Apr 2023,2023,4,22,NORTE DE SANTANDER,VILLA DEL ROSARIO,54874,ACPM,9599
03 Apr 2023,2023,4,3,HUILA,PITALITO,41551,GASOLINA EXTRA,20100
02 Apr 2023,2023,4,2,TOLIMA,COELLO,73200,GASOLINA CORRIENTE,11380
01 Apr 2023,2023,4,1,TOLIMA,PALOCABILDO,73520,GASOLINA CORRIENTE,11515
21 Apr 2023,2023,4,21,LA GUAJIRA,MAICAO,44430,GASOLINA EXTRA,8460
01 Apr 2023,2023,4,1,BOYACA,TUNJA,15001,GASOLINA CORRIENTE,11430
03 Apr 2023,2023,4,3,LA GUAJIRA,MANAURE,44560,KEROSENE,9419
03 Apr 2023,2023,4,3,LA GUAJIRA,MANAURE,44560,KEROSENE,9419
03 Apr 2023,2023,4,3,CUNDINAMARCA,GUASCA,25322,GASOLINA CORRIENTE,11500
01 Apr 2023,2023,4,1,HUILA,NEIVA,41001,ACPM,9430
01 Apr 2023,2023,4,1,GUAVIARE,SAN JOSE DEL GUAVIARE,95001,ACPM,10000
05 Apr 2023,2023,4,5,SUCRE,LA UNION,70400,GASOLINA CORRIENTE,11400
05 Apr 2023,2023,4,5,SUCRE,LA UNION,70400,GASOLINA CORRIENTE,11400
04 Apr 2023,2023,4,4,CUNDINAMARCA,CAPARRAPI,25148,ACPM,10200
17 Apr 2023,2023,4,17,CUNDINAMARCA,ANOLAIMA,25040,ACPM,9200
01 Apr 2023,2023,4,1,CASANARE,YOPAL,85001,ACPM,9650
01 Apr 2023,2023,4,1,HUILA,NEIVA,41001,GASOLINA EXTRA,19710
01 Apr 2023,2023,4,1,HUILA,NEIVA,41001,GASOLINA EXTRA,19710
01 Apr 2023,2023,4,1,HUILA,NEIVA,41001,GASOLINA EXTRA,19710
01 Apr 2023,2023,4,1,ARAUCA,PUERTO RONDON,81591,GASOLINA CORRIENTE,11550
07 Apr 2023,2023,4,7,META,VISTAHERMOSA,50711,ACPM,10100
03 Apr 2023,2023,4,3,SANTANDER,PUENTE NACIONAL,68572,GASOLINA CORRIENTE,11397
04 Apr 2023,2023,4,4,CAUCA,ARGELIA,19050,GASOLINA CORRIENTE,12000
11 Apr 2023,2023,4,11,NARIÑO,SAN ANDRES DE TUMACO,52835,ACPM,8900
11 Apr 2023,2023,4,11,NARIÑO,SAN ANDRES DE TUMACO,52835,ACPM,8900
11 Apr 2023,2023,4,11,NARIÑO,SAN ANDRES DE TUMACO,52835,ACPM,8900
13 Apr 2023,2023,4,13,BOYACA,PUERTO BOYACA,15572,ACPM,9149
01 Apr 2023,2023,4,1,ANTIOQUIA,COPACABANA,05212,ACPM,9410
01 Apr 2023,2023,4,1,CAUCA,POPAYAN,19001,ACPM,9850
01 Apr 2023,2023,4,1,META,CUBARRAL,50223,ACPM,9600
02 Apr 2023,2023,4,2,CHOCO,QUIBDO,27001,ACPM,10061
01 Apr 2023,2023,4,1,CAUCA,SUAREZ,19780,ACPM,9360
01 Apr 2023,2023,4,1,ANTIOQUIA,MEDELLIN,05001,GASOLINA EXTRA,19190
01 Apr 2023,2023,4,1,ANTIOQUIA,MEDELLIN,05001,GASOLINA EXTRA,19190
01 Apr 2023,2023,4,1,ANTIOQUIA,MEDELLIN,05001,GASOLINA EXTRA,19190
01 Apr 2023,2023,4,1,ANTIOQUIA,MEDELLIN,05001,GASOLINA EXTRA,19190
01 Apr 2023,2023,4,1,ATLANTICO,SABANAGRANDE,08634,ACPM,8580
03 Apr 2023,2023,4,3,NARIÑO,LEIVA,52405,ACPM,9500
03 Apr 2023,2023,4,3,NARIÑO,LEIVA,52405,ACPM,9500
03 Apr 2023,2023,4,3,ANTIOQUIA,MEDELLIN,05001,GASOLINA CORRIENTE,11395
10 Apr 2023,2023,4,10,VALLE DEL CAUCA,CALI,76001,ACPM,9110
10 Apr 2023,2023,4,10,VALLE DEL CAUCA,CALI,76001,ACPM,9110
01 Apr 2023,2023,4,1,ANTIOQUIA,MUTATA,05480,GASOLINA EXTRA,14000
12 Apr 2023,2023,4,12,NARIÑO,SAN ANDRES DE TUMACO,52835,ACPM,9173
12 Apr 2023,2023,4,12,NARIÑO,SAN ANDRES DE TUMACO,52835,ACPM,9173
12 Apr 2023,2023,4,12,NARIÑO,SAN ANDRES DE TUMACO,52835,ACPM,9173
04 Apr 2023,2023,4,4,BOYACA,GUICAN DE LA SIERRA,15332,GASOLINA CORRIENTE,12070
01 Apr 2023,2023,4,1,PUTUMAYO,VILLAGARZON,86885,ACPM,9400
24 Apr 2023,2023,4,24,NORTE DE SANTANDER,SAN JOSE DE CUCUTA,54001,ACPM,9589
24 Apr 2023,2023,4,24,NORTE DE SANTANDER,SAN JOSE DE CUCUTA,54001,ACPM,9589
26 Apr 2023,2023,4,26,CESAR,SAN MARTIN,20770,ACPM,8400
26 Apr 2023,2023,4,26,CESAR,SAN MARTIN,20770,ACPM,8400
01 Apr 2023,2023,4,1,HUILA,PALERMO,41524,ACPM,9420
20 Apr 2023,2023,4,20,NORTE DE SANTANDER,VILLA DEL ROSARIO,54874,ACPM,9599
03 Apr 2023,2023,4,3,NARIÑO,POLICARPA,52540,GASOLINA CORRIENTE,11000
03 Apr 2023,2023,4,3,NARIÑO,POLICARPA,52540,GASOLINA CORRIENTE,11000
05 Apr 2023,2023,4,5,SUCRE,COROZAL,70215,ACPM,8980
04 Apr 2023,2023,4,4,CUNDINAMARCA,SIBATE,25740,GASOLINA EXTRA,19840
16 Apr 2023,2023,4,16,VALLE DEL CAUCA,CALI,76001,GASOLINA CORRIENTE,11090
01 Apr 2023,2023,4,1,RISARALDA,DOSQUEBRADAS,66170,GASOLINA EXTRA,19530
20 Apr 2023,2023,4,20,TOLIMA,IBAGUE,73001,ACPM,9290
03 Apr 2023,2023,4,3,TOLIMA,PURIFICACION,73585,ACPM,9400
03 Apr 2023,2023,4,3,CESAR,BOSCONIA,20060,ACPM,8190
01 Apr 2023,2023,4,1,BOLIVAR,CARTAGENA DE INDIAS,13001,GASOLINA EXTRA,19940
03 Apr 2023,2023,4,3,CESAR,SAN MARTIN,20770,GASOLINA CORRIENTE,9080
01 Apr 2023,2023,4,1,PUTUMAYO,PUERTO CAICEDO,86569,GASOLINA CORRIENTE,11730
04 Apr 2023,2023,4,4,PUTUMAYO,VALLE DEL GUAMUEZ,86865,ACPM,10100
04 Apr 2023,2023,4,4,NARIÑO,SAN ANDRES DE TUMACO,52835,ACPM,9100
04 Apr 2023,2023,4,4,NARIÑO,SAN ANDRES DE TUMACO,52835,ACPM,9100
04 Apr 2023,2023,4,4,NARIÑO,SAN ANDRES DE TUMACO,52835,ACPM,9100
04 Apr 2023,2023,4,4,NARIÑO,SAN ANDRES DE TUMACO,52835,ACPM,9100
01 Apr 2023,2023,4,1,MAGDALENA,SANTA MARTA,47001,ACPM,8979
12 Apr 2023,2023,4,12,CASANARE,YOPAL,85001,ACPM,9530
01 Apr 2023,2023,4,1,VALLE DEL CAUCA,CANDELARIA,76130,GASOLINA CORRIENTE,10785
01 Apr 2023,2023,4,1,CORDOBA,COTORRA,23300,GASOLINA CORRIENTE,11690
01 Apr 2023,2023,4,1,CORDOBA,COTORRA,23300,GASOLINA CORRIENTE,11690
02 Apr 2023,2023,4,2,BOYACA,TUNJA,15001,GASOLINA CORRIENTE,11000
03 Apr 2023,2023,4,3,ATLANTICO,BARRANQUILLA,08001,ACPM,8940
03 Apr 2023,2023,4,3,ATLANTICO,BARRANQUILLA,08001,ACPM,8940
02 Apr 2023,2023,4,2,HUILA,ISNOS,41359,GASOLINA CORRIENTE,11950
03 Apr 2023,2023,4,3,SANTANDER,BUCARAMANGA,68001,GASOLINA CORRIENTE,10890
17 Apr 2023,2023,4,17,PUTUMAYO,VILLAGARZON,86885,ACPM,10080
17 Apr 2023,2023,4,17,NORTE DE SANTANDER,EL ZULIA,54261,GASOLINA CORRIENTE,11819
11 Apr 2023,2023,4,11,NORTE DE SANTANDER,OCAÑA,54498,ACPM,7600
01 Apr 2023,2023,4,1,RISARALDA,SANTA ROSA DE CABAL,66682,GASOLINA CORRIENTE,11560
26 Apr 2023,2023,4,26,CESAR,PAILITAS,20517,GASOLINA CORRIENTE,11000
03 Apr 2023,2023,4,3,CORDOBA,SAHAGUN,23660,ACPM,9460
02 Apr 2023,2023,4,2,VALLE DEL CAUCA,TORO,76823,GASOLINA CORRIENTE,11550
03 Apr 2023,2023,4,3,ANTIOQUIA,TURBO,05837,GASOLINA CORRIENTE,11990
04 Apr 2023,2023,4,4,MAGDALENA,SABANAS DE SAN ANGEL,47660,GASOLINA CORRIENTE,11500
04 Apr 2023,2023,4,4,MAGDALENA,SABANAS DE SAN ANGEL,47660,GASOLINA CORRIENTE,11500
03 Apr 2023,2023,4,3,NARIÑO,SAN ANDRES DE TUMACO,52835,ACPM,9300
03 Apr 2023,2023,4,3,NARIÑO,SAN ANDRES DE TUMACO,52835,ACPM,9300
03 Apr 2023,2023,4,3,NARIÑO,SAN ANDRES DE TUMACO,52835,ACPM,9300
04 Apr 2023,2023,4,4,CHOCO,BAHIA SOLANO,27075,ACPM,12500
01 Apr 2023,2023,4,1,SUCRE,SINCELEJO,70001,GASOLINA EXTRA,19230
01 Apr 2023,2023,4,1,HUILA,RIVERA,41615,ACPM,9410
01 Apr 2023,2023,4,1,TOLIMA,ORTEGA,73504,ACPM,9400
04 Apr 2023,2023,4,4,VALLE DEL CAUCA,BUENAVENTURA,76109,GASOLINA EXTRA,19800
01 Apr 2023,2023,4,1,RISARALDA,PEREIRA,66001,GASOLINA EXTRA,19700
15 Apr 2023,2023,4,15,CESAR,SAN ALBERTO,20710,GASOLINA EXTRA,19069
03 Apr 2023,2023,4,3,CORDOBA,MONTERIA,23001,ACPM,9510
28 Apr 2023,2023,4,28,CESAR,SAN ALBERTO,20710,GASOLINA EXTRA,19250
12 Apr 2023,2023,4,12,LA GUAJIRA,LA JAGUA DEL PILAR,44420,GASOLINA CORRIENTE,7631
04 Apr 2023,2023,4,4,NARIÑO,SANTA BARBARA,52696,GASOLINA CORRIENTE,9200
04 Apr 2023,2023,4,4,NARIÑO,SANTA BARBARA,52696,GASOLINA CORRIENTE,9200
04 Apr 2023,2023,4,4,NARIÑO,SANTA BARBARA,52696,GASOLINA CORRIENTE,9200
22 Apr 2023,2023,4,22,CESAR,SAN ALBERTO,20710,GASOLINA EXTRA,19069
24 Apr 2023,2023,4,24,CESAR,SAN ALBERTO,20710,GASOLINA CORRIENTE,10900
03 Apr 2023,2023,4,3,CORDOBA,LOS CORDOBAS,23419,ACPM,9280
02 Apr 2023,2023,4,2,TOLIMA,SALDAÑA,73671,GASOLINA CORRIENTE,11328
13 Apr 2023,2023,4,13,GUAINIA,INIRIDA,94001,ACPM,11605
02 Apr 2023,2023,4,2,CUNDINAMARCA,GACHANCIPA,25295,ACPM,8749
03 Apr 2023,2023,4,3,SUCRE,MAJAGUAL,70429,GASOLINA CORRIENTE,11780
08 Apr 2023,2023,4,8,LA GUAJIRA,URUMITA,44855,AVIGAS,9309
25 Apr 2023,2023,4,25,NORTE DE SANTANDER,SAN JOSE DE CUCUTA,54001,GASOLINA CORRIENTE,11740
25 Apr 2023,2023,4,25,NORTE DE SANTANDER,SAN JOSE DE CUCUTA,54001,GASOLINA CORRIENTE,11740
25 Apr 2023,2023,4,25,NORTE DE SANTANDER,SAN JOSE DE CUCUTA,54001,GASOLINA CORRIENTE,11740
25 Apr 2023,2023,4,25,NORTE DE SANTANDER,SAN JOSE DE CUCUTA,54001,GASOLINA CORRIENTE,11740
25 Apr 2023,2023,4,25,NORTE DE SANTANDER,SAN JOSE DE CUCUTA,54001,GASOLINA CORRIENTE,11740
02 Apr 2023,2023,4,2,CORDOBA,SAN PELAYO,23686,ACPM,9430
04 Apr 2023,2023,4,4,NARIÑO,SANTA BARBARA,52696,ACPM,9500
01 Apr 2023,2023,4,1,CUNDINAMARCA,SOACHA,25754,ACPM,9349
01 Apr 2023,2023,4,1,SANTANDER,PIEDECUESTA,68547,GASOLINA CORRIENTE,10840
18 Apr 2023,2023,4,18,CESAR,SAN ALBERTO,20710,ACPM,9017
25 Apr 2023,2023,4,25,GUAINIA,INIRIDA,94001,ACPM,11600
03 Apr 2023,2023,4,3,TOLIMA,ARMERO,73055,GASOLINA CORRIENTE,11339
03 Apr 2023,2023,4,3,TOLIMA,ARMERO,73055,GASOLINA CORRIENTE,11339
18 Apr 2023,2023,4,18,CORDOBA,MONTERIA,23001,ACPM,9490
03 Apr 2023,2023,4,3,VALLE DEL CAUCA,ZARZAL,76895,ACPM,8940
05 Apr 2023,2023,4,5,CUNDINAMARCA,EL ROSAL,25260,GASOLINA CORRIENTE,11190
01 Apr 2023,2023,4,1,PUTUMAYO,MOCOA,86001,ACPM,9380
13 Apr 2023,2023,4,13,CUNDINAMARCA,CAPARRAPI,25148,ACPM,10200
03 Apr 2023,2023,4,3,SANTANDER,BUCARAMANGA,68001,GASOLINA CORRIENTE,10660
03 Apr 2023,2023,4,3,SANTANDER,BUCARAMANGA,68001,GASOLINA CORRIENTE,10660
01 Apr 2023,2023,4,1,PUTUMAYO,PUERTO ASIS,86568,ACPM,10100
01 Apr 2023,2023,4,1,BOLIVAR,CARTAGENA DE INDIAS,13001,GASOLINA CORRIENTE,11030
02 Apr 2023,2023,4,2,CALDAS,ANSERMA,17042,ACPM,9690
09 Apr 2023,2023,4,9,NARIÑO,OLAYA HERRERA,52490,ACPM,9500
09 Apr 2023,2023,4,9,NARIÑO,CHACHAGUI,52240,ACPM,8850
01 Apr 2023,2023,4,1,RISARALDA,LA CELIA,66383,ACPM,9780
03 Apr 2023,2023,4,3,ANTIOQUIA,CAUCASIA,05154,GASOLINA EXTRA,19000
27 Apr 2023,2023,4,27,CESAR,EL COPEY,20238,GASOLINA EXTRA,9900
03 Apr 2023,2023,4,3,ATLANTICO,BARRANQUILLA,08001,ACPM,8590
03 Apr 2023,2023,4,3,HUILA,GARZON,41298,GASOLINA CORRIENTE,11830
04 Apr 2023,2023,4,4,META,PUERTO CONCORDIA,50450,ACPM,10660
01 Apr 2023,2023,4,1,VALLE DEL CAUCA,YOTOCO,76890,GASOLINA CORRIENTE,11090
14 Apr 2023,2023,4,14,VALLE DEL CAUCA,BUENAVENTURA,76109,ACPM,9400
01 Apr 2023,2023,4,1,CAUCA,SANTANDER DE QUILICHAO,19698,ACPM,9530
01 Apr 2023,2023,4,1,ANTIOQUIA,CAUCASIA,05154,GASOLINA CORRIENTE,12180
01 Apr 2023,2023,4,1,ATLANTICO,BARRANQUILLA,08001,GASOLINA EXTRA,19850
01 Apr 2023,2023,4,1,CUNDINAMARCA,TENJO,25799,GASOLINA EXTRA,20099
14 Apr 2023,2023,4,14,CUNDINAMARCA,SOACHA,25754,ACPM,9240
14 Apr 2023,2023,4,14,CUNDINAMARCA,GIRARDOT,25307,GASOLINA CORRIENTE,11127
01 Apr 2023,2023,4,1,PUTUMAYO,PUERTO ASIS,86568,ACPM,10273
01 Apr 2023,2023,4,1,PUTUMAYO,PUERTO ASIS,86568,ACPM,10273
01 Apr 2023,2023,4,1,LA GUAJIRA,SAN JUAN DEL CESAR,44650,GASOLINA EXTRA,8718
03 Apr 2023,2023,4,3,VALLE DEL CAUCA,CALIMA,76126,ACPM,9870
09 Apr 2023,2023,4,9,LA GUAJIRA,BARRANCAS,44078,GASOLINA CORRIENTE,7600
01 Apr 2023,2023,4,1,VALLE DEL CAUCA,CALI,76001,ACPM,9360
03 Apr 2023,2023,4,3,CORDOBA,MONTERIA,23001,ACPM,9637
03 Apr 2023,2023,4,3,CORDOBA,MONTERIA,23001,ACPM,9637
03 Apr 2023,2023,4,3,CALDAS,MANIZALES,17001,GASOLINA CORRIENTE,11160
02 Apr 2023,2023,4,2,CUNDINAMARCA,CHIA,25175,GASOLINA EXTRA,19990
17 Apr 2023,2023,4,17,TOLIMA,MELGAR,73449,GASOLINA CORRIENTE,11400
26 Apr 2023,2023,4,26,CESAR,CHIRIGUANA,20178,GASOLINA CORRIENTE,10500
03 Apr 2023,2023,4,3,RISARALDA,PEREIRA,66001,GASOLINA CORRIENTE,11400
03 Apr 2023,2023,4,3,RISARALDA,PEREIRA,66001,GASOLINA CORRIENTE,11400
04 Apr 2023,2023,4,4,HUILA,PITALITO,41551,ACPM,9770
03 Apr 2023,2023,4,3,MAGDALENA,SITIONUEVO,47745,GASOLINA CORRIENTE,10700
12 Apr 2023,2023,4,12,NORTE DE SANTANDER,RAGONVALIA,54599,ACPM,7499
04 Apr 2023,2023,4,4,ANTIOQUIA,ENVIGADO,05266,GASOLINA CORRIENTE,11790
01 Apr 2023,2023,4,1,CUNDINAMARCA,SESQUILE,25736,GASOLINA CORRIENTE,11327
01 Apr 2023,2023,4,1,CALDAS,MANIZALES,17001,GASOLINA CORRIENTE,11204
04 Apr 2023,2023,4,4,HUILA,PITALITO,41551,GASOLINA CORRIENTE,11850
11 Apr 2023,2023,4,11,AMAZONAS,LETICIA,91001,ACPM,12997
02 Apr 2023,2023,4,2,NARIÑO,CUMBAL,52227,ACPM,8990
24 Apr 2023,2023,4,24,NARIÑO,SAMANIEGO,52678,ACPM,8950
01 Apr 2023,2023,4,1,BOLIVAR,TURBANA,13838,ACPM,8845
01 Apr 2023,2023,4,1,ANTIOQUIA,RIONEGRO,05615,GASOLINA EXTRA,20000
03 Apr 2023,2023,4,3,VALLE DEL CAUCA,TULUA,76834,ACPM,9490
01 Apr 2023,2023,4,1,SANTANDER,BARRANCABERMEJA,68081,ACPM,8540
03 Apr 2023,2023,4,3,HUILA,AIPE,41016,GASOLINA CORRIENTE,11598
03 Apr 2023,2023,4,3,VALLE DEL CAUCA,CALI,76001,ACPM,9305
01 Apr 2023,2023,4,1,ANTIOQUIA,MEDELLIN,05001,GASOLINA CORRIENTE,12100
03 Apr 2023,2023,4,3,NARIÑO,BARBACOAS,52079,ACPM,9000
03 Apr 2023,2023,4,3,NARIÑO,BARBACOAS,52079,ACPM,9000
05 Apr 2023,2023,4,5,LA GUAJIRA,ALBANIA,44035,GASOLINA CORRIENTE,7572
01 Apr 2023,2023,4,1,CALDAS,MANIZALES,17001,ACPM,9298
02 Apr 2023,2023,4,2,CAQUETA,LA MONTAÑITA,18410,ACPM,9650
27 Apr 2023,2023,4,27,CESAR,CURUMANI,20228,GASOLINA CORRIENTE,10900
04 Apr 2023,2023,4,4,ANTIOQUIA,NECHI,05495,GASOLINA CORRIENTE,12260
04 Apr 2023,2023,4,4,ANTIOQUIA,NECHI,05495,GASOLINA CORRIENTE,12260
05 Apr 2023,2023,4,5,META,SAN CARLOS DE GUAROA,50680,GASOLINA CORRIENTE,11900
12 Apr 2023,2023,4,12,CORDOBA,MONTERIA,23001,GASOLINA CORRIENTE,11560
03 Apr 2023,2023,4,3,SANTANDER,GIRON,68307,GASOLINA CORRIENTE,10780
01 Apr 2023,2023,4,1,QUINDIO,MONTENEGRO,63470,GASOLINA EXTRA,19870
01 Apr 2023,2023,4,1,TOLIMA,IBAGUE,73001,GASOLINA CORRIENTE,11270
01 Apr 2023,2023,4,1,TOLIMA,IBAGUE,73001,GASOLINA CORRIENTE,11270
01 Apr 2023,2023,4,1,TOLIMA,IBAGUE,73001,GASOLINA CORRIENTE,11270
01 Apr 2023,2023,4,1,TOLIMA,IBAGUE,73001,GASOLINA CORRIENTE,11270
05 Apr 2023,2023,4,5,LA GUAJIRA,MAICAO,44430,GASOLINA EXTRA,8828
04 Apr 2023,2023,4,4,CASANARE,MONTERREY,85162,ACPM,9590
01 Apr 2023,2023,4,1,NARIÑO,POLICARPA,52540,GASOLINA CORRIENTE,8960
01 Apr 2023,2023,4,1,NARIÑO,POLICARPA,52540,GASOLINA CORRIENTE,8960
28 Apr 2023,2023,4,28,AMAZONAS,LETICIA,91001,GASOLINA CORRIENTE,14930
22 Apr 2023,2023,4,22,CAQUETA,CARTAGENA DEL CHAIRA,18150,ACPM,9900
04 Apr 2023,2023,4,4,NARIÑO,TAMINANGO,52786,ACPM,8396
01 Apr 2023,2023,4,1,LA GUAJIRA,BARRANCAS,44078,AVIGAS,9800
03 Apr 2023,2023,4,3,MAGDALENA,CHIVOLO,47170,GASOLINA CORRIENTE,11400
03 Apr 2023,2023,4,3,MAGDALENA,CHIVOLO,47170,GASOLINA CORRIENTE,11400
01 Apr 2023,2023,4,1,VALLE DEL CAUCA,GUADALAJARA DE BUGA,76111,GASOLINA EXTRA,19910
11 Apr 2023,2023,4,11,CESAR,AGUACHICA,20011,GASOLINA CORRIENTE,10900
01 Apr 2023,2023,4,1,LA GUAJIRA,BARRANCAS,44078,GASOLINA EXTRA,9900
01 Apr 2023,2023,4,1,TOLIMA,MELGAR,73449,GASOLINA EXTRA,20312
09 Apr 2023,2023,4,9,META,LA MACARENA,50350,GASOLINA CORRIENTE,14650
10 Apr 2023,2023,4,10,NARIÑO,LA CRUZ,52378,GASOLINA CORRIENTE,9700
24 Apr 2023,2023,4,24,NARIÑO,IPIALES,52356,GASOLINA CORRIENTE,12150
22 Apr 2023,2023,4,22,NORTE DE SANTANDER,LOS PATIOS,54405,ACPM,7176
05 Apr 2023,2023,4,5,CUNDINAMARCA,COTA,25214,ACPM,9257
10 Apr 2023,2023,4,10,PUTUMAYO,ORITO,86320,GASOLINA CORRIENTE,12000
03 Apr 2023,2023,4,3,VALLE DEL CAUCA,OBANDO,76497,GASOLINA CORRIENTE,9059
03 Apr 2023,2023,4,3,VALLE DEL CAUCA,OBANDO,76497,GASOLINA CORRIENTE,9059
03 Apr 2023,2023,4,3,VALLE DEL CAUCA,OBANDO,76497,GASOLINA CORRIENTE,9059
03 Apr 2023,2023,4,3,NARIÑO,PASTO,52001,GASOLINA EXTRA,19850
03 Apr 2023,2023,4,3,NARIÑO,PASTO,52001,GASOLINA EXTRA,19850
03 Apr 2023,2023,4,3,NARIÑO,PASTO,52001,GASOLINA EXTRA,19850
03 Apr 2023,2023,4,3,NARIÑO,PASTO,52001,GASOLINA EXTRA,19850
22 Apr 2023,2023,4,22,PUTUMAYO,SAN FRANCISCO,86755,ACPM,9600
03 Apr 2023,2023,4,3,NARIÑO,EL CHARCO,52250,GASOLINA CORRIENTE,10000
03 Apr 2023,2023,4,3,NARIÑO,EL CHARCO,52250,GASOLINA CORRIENTE,10000
03 Apr 2023,2023,4,3,NARIÑO,EL CHARCO,52250,GASOLINA CORRIENTE,10000
03 Apr 2023,2023,4,3,NARIÑO,EL CHARCO,52250,GASOLINA CORRIENTE,10000
21 Apr 2023,2023,4,21,NORTE DE SANTANDER,LA ESPERANZA,54385,ACPM,7750
05 Apr 2023,2023,4,5,CAUCA,BUENOS AIRES,19110,ACPM,9750
01 Apr 2023,2023,4,1,CUNDINAMARCA,GIRARDOT,25307,GASOLINA EXTRA,19590
01 Apr 2023,2023,4,1,CUNDINAMARCA,GIRARDOT,25307,GASOLINA EXTRA,19590
01 Apr 2023,2023,4,1,NARIÑO,YACUANQUER,52885,ACPM,8470
05 Apr 2023,2023,4,5,NARIÑO,LA CRUZ,52378,ACPM,8593
04 Apr 2023,2023,4,4,CUNDINAMARCA,YACOPI,25885,GASOLINA CORRIENTE,12200
01 Apr 2023,2023,4,1,VALLE DEL CAUCA,CALI,76001,GASOLINA EXTRA,20250
23 Apr 2023,2023,4,23,NARIÑO,RICAURTE,52612,GASOLINA CORRIENTE,11950
04 Apr 2023,2023,4,4,ANTIOQUIA,MEDELLIN,05001,GASOLINA CORRIENTE,11090
03 Apr 2023,2023,4,3,BOYACA,SANTA ROSA DE VITERBO,15693,ACPM,9400
18 Apr 2023,2023,4,18,NARIÑO,OLAYA HERRERA,52490,GASOLINA CORRIENTE,9500
18 Apr 2023,2023,4,18,NARIÑO,OLAYA HERRERA,52490,GASOLINA CORRIENTE,9500
10 Apr 2023,2023,4,10,TOLIMA,ATACO,73067,ACPM,10050
04 Apr 2023,2023,4,4,CORDOBA,PUERTO LIBERTADOR,23580,ACPM,9550
03 Apr 2023,2023,4,3,CUNDINAMARCA,FACATATIVA,25269,GASOLINA CORRIENTE,11480
01 Apr 2023,2023,4,1,CESAR,CURUMANI,20228,GASOLINA CORRIENTE,9450
03 Apr 2023,2023,4,3,NARIÑO,SAN ANDRES DE TUMACO,52835,ACPM,9173
03 Apr 2023,2023,4,3,NARIÑO,SAN ANDRES DE TUMACO,52835,ACPM,9173
03 Apr 2023,2023,4,3,NARIÑO,SAN ANDRES DE TUMACO,52835,ACPM,9173
03 Apr 2023,2023,4,3,NARIÑO,SAN ANDRES DE TUMACO,52835,ACPM,9173
03 Apr 2023,2023,4,3,NARIÑO,SAN ANDRES DE TUMACO,52835,ACPM,9173
03 Apr 2023,2023,4,3,NARIÑO,SAN ANDRES DE TUMACO,52835,ACPM,9173
01 Apr 2023,2023,4,1,NARIÑO,LOS ANDES,52418,GASOLINA CORRIENTE,9422
04 Apr 2023,2023,4,4,ANTIOQUIA,PUERTO BERRIO,05579,ACPM,9130
03 Apr 2023,2023,4,3,CORDOBA,SAHAGUN,23660,GASOLINA CORRIENTE,11850
01 Apr 2023,2023,4,1,CALDAS,VILLAMARIA,17873,GASOLINA EXTRA,19190
01 Apr 2023,2023,4,1,ANTIOQUIA,ENVIGADO,05266,GASOLINA EXTRA,20770
01 Apr 2023,2023,4,1,ANTIOQUIA,ENVIGADO,05266,GASOLINA EXTRA,20770
01 Apr 2023,2023,4,1,NORTE DE SANTANDER,LOS PATIOS,54405,ACPM,7100
01 Apr 2023,2023,4,1,ATLANTICO,BARRANQUILLA,08001,GASOLINA CORRIENTE,10890
01 Apr 2023,2023,4,1,ATLANTICO,BARRANQUILLA,08001,GASOLINA CORRIENTE,10890
01 Apr 2023,2023,4,1,ATLANTICO,BARRANQUILLA,08001,GASOLINA CORRIENTE,10890
21 Apr 2023,2023,4,21,NARIÑO,CONTADERO,52210,ACPM,8600
05 Apr 2023,2023,4,5,RISARALDA,PEREIRA,66001,ACPM,9010
03 Apr 2023,2023,4,3,SUCRE,SINCELEJO,70001,GASOLINA CORRIENTE,11209
03 Apr 2023,2023,4,3,RISARALDA,DOSQUEBRADAS,66170,GASOLINA CORRIENTE,11390
01 Apr 2023,2023,4,1,CAUCA,POPAYAN,19001,ACPM,9900
01 Apr 2023,2023,4,1,LA GUAJIRA,FONSECA,44279,AVIGAS,9729
01 Apr 2023,2023,4,1,VALLE DEL CAUCA,CALI,76001,GASOLINA EXTRA,18970
04 Apr 2023,2023,4,4,CAUCA,POPAYAN,19001,GASOLINA CORRIENTE,11718
03 Apr 2023,2023,4,3,MAGDALENA,EL BANCO,47245,ACPM,9400
02 Apr 2023,2023,4,2,SANTANDER,CHARALA,68167,GASOLINA CORRIENTE,11450
01 Apr 2023,2023,4,1,BOYACA,TUNJA,15001,ACPM,9410
03 Apr 2023,2023,4,3,CALDAS,VILLAMARIA,17873,GASOLINA EXTRA,19790
01 Apr 2023,2023,4,1,ANTIOQUIA,ITAGUI,05360,ACPM,9260
05 Apr 2023,2023,4,5,BOYACA,PAZ DE RIO,15537,GASOLINA CORRIENTE,12178
01 Apr 2023,2023,4,1,NORTE DE SANTANDER,EL ZULIA,54261,ACPM,7100
27 Apr 2023,2023,4,27,NORTE DE SANTANDER,CACHIRA,54128,GASOLINA CORRIENTE,11000
14 Apr 2023,2023,4,14,NARIÑO,OLAYA HERRERA,52490,GASOLINA CORRIENTE,9500
19 Apr 2023,2023,4,19,CESAR,SAN ALBERTO,20710,GASOLINA CORRIENTE,9410
04 Apr 2023,2023,4,4,ANTIOQUIA,YARUMAL,05887,GASOLINA CORRIENTE,11650
03 Apr 2023,2023,4,3,CESAR,PAILITAS,20517,GASOLINA CORRIENTE,9600
03 Apr 2023,2023,4,3,CESAR,PAILITAS,20517,GASOLINA CORRIENTE,9600
26 Apr 2023,2023,4,26,BOYACA,CHINAVITA,15172,GASOLINA CORRIENTE,9650
01 Apr 2023,2023,4,1,ANTIOQUIA,MEDELLIN,05001,ACPM,9640
02 Apr 2023,2023,4,2,CESAR,PAILITAS,20517,GASOLINA EXTRA,9400
04 Apr 2023,2023,4,4,ATLANTICO,BARRANQUILLA,08001,ACPM,8830
01 Apr 2023,2023,4,1,NARIÑO,ROBERTO PAYAN,52621,GASOLINA CORRIENTE,9300
21 Apr 2023,2023,4,21,LA GUAJIRA,LA JAGUA DEL PILAR,44420,GASOLINA EXTRA,8626
01 Apr 2023,2023,4,1,LA GUAJIRA,MANAURE,44560,GASOLINA CORRIENTE,9677
05 Apr 2023,2023,4,5,HUILA,VILLAVIEJA,41872,GASOLINA CORRIENTE,12600
01 Apr 2023,2023,4,1,LA GUAJIRA,VILLANUEVA,44874,AVIGAS,9309
25 Apr 2023,2023,4,25,CESAR,SAN ALBERTO,20710,ACPM,8600
05 Apr 2023,2023,4,5,SANTANDER,BUCARAMANGA,68001,GASOLINA EXTRA,20050
01 Apr 2023,2023,4,1,RISARALDA,PEREIRA,66001,ACPM,9200
02 Apr 2023,2023,4,2,HUILA,PITAL,41548,ACPM,9895
04 Apr 2023,2023,4,4,SANTANDER,BUCARAMANGA,68001,GASOLINA CORRIENTE,10779
01 Apr 2023,2023,4,1,CUNDINAMARCA,GIRARDOT,25307,ACPM,9310
01 Apr 2023,2023,4,1,SANTANDER,CIMITARRA,68190,GASOLINA CORRIENTE,11450
04 Apr 2023,2023,4,4,SUCRE,LA UNION,70400,ACPM,9860
01 Apr 2023,2023,4,1,SANTANDER,CAPITANEJO,68147,ACPM,9290
03 Apr 2023,2023,4,3,ANTIOQUIA,SAN PEDRO DE LOS MILAGROS,05664,ACPM,9260
28 Apr 2023,2023,4,28,CESAR,AGUACHICA,20011,GASOLINA EXTRA,9440
03 Apr 2023,2023,4,3,CAUCA,CAJIBIO,19130,GASOLINA CORRIENTE,11440
03 Apr 2023,2023,4,3,MAGDALENA,CHIVOLO,47170,ACPM,9313
03 Apr 2023,2023,4,3,MAGDALENA,CHIVOLO,47170,ACPM,9313
26 Apr 2023,2023,4,26,CESAR,AGUACHICA,20011,GASOLINA CORRIENTE,9900
01 Apr 2023,2023,4,1,LA GUAJIRA,DIBULLA,44090,AVIGAS,9330
01 Apr 2023,2023,4,1,LA GUAJIRA,DIBULLA,44090,AVIGAS,9330
10 Apr 2023,2023,4,10,ANTIOQUIA,COPACABANA,05212,ACPM,9540
27 Apr 2023,2023,4,27,PUTUMAYO,VALLE DEL GUAMUEZ,86865,GASOLINA CORRIENTE,10400
04 Apr 2023,2023,4,4,CORDOBA,CIENAGA DE ORO,23189,GASOLINA CORRIENTE,11460
03 Apr 2023,2023,4,3,NORTE DE SANTANDER,VILLA DEL ROSARIO,54874,ACPM,7173
03 Apr 2023,2023,4,3,CALDAS,PENSILVANIA,17541,ACPM,9810
03 Apr 2023,2023,4,3,ANTIOQUIA,MEDELLIN,05001,ACPM,9940
01 Apr 2023,2023,4,1,HUILA,NEIVA,41001,GASOLINA CORRIENTE,11170
03 Apr 2023,2023,4,3,ATLANTICO,GALAPA,08296,GASOLINA CORRIENTE,10750
03 Apr 2023,2023,4,3,ATLANTICO,GALAPA,08296,GASOLINA CORRIENTE,10750
18 Apr 2023,2023,4,18,NARIÑO,LA TOLA,52390,GASOLINA CORRIENTE,9200
04 Apr 2023,2023,4,4,VALLE DEL CAUCA,TULUA,76834,GASOLINA CORRIENTE,11650
03 Apr 2023,2023,4,3,BOYACA,DUITAMA,15238,GASOLINA CORRIENTE,11408
26 Apr 2023,2023,4,26,CESAR,AGUACHICA,20011,GASOLINA CORRIENTE,9000
01 Apr 2023,2023,4,1,RISARALDA,DOSQUEBRADAS,66170,ACPM,9310
14 Apr 2023,2023,4,14,NORTE DE SANTANDER,SAN JOSE DE CUCUTA,54001,GASOLINA CORRIENTE,9710
14 Apr 2023,2023,4,14,NORTE DE SANTANDER,SAN JOSE DE CUCUTA,54001,GASOLINA CORRIENTE,9710
10 Apr 2023,2023,4,10,CESAR,RIO DE ORO,20614,GASOLINA CORRIENTE,9400
01 Apr 2023,2023,4,1,BOLIVAR,TURBACO,13836,GASOLINA EXTRA,19700
03 Apr 2023,2023,4,3,CUNDINAMARCA,GRANADA,25312,GASOLINA EXTRA,20436
03 Apr 2023,2023,4,3,META,VILLAVICENCIO,50001,GASOLINA CORRIENTE,11570
10 Apr 2023,2023,4,10,NORTE DE SANTANDER,SARDINATA,54720,GASOLINA CORRIENTE,11890
10 Apr 2023,2023,4,10,NORTE DE SANTANDER,SARDINATA,54720,GASOLINA CORRIENTE,11890
13 Apr 2023,2023,4,13,CAUCA,PATIA,19532,ACPM,10000
13 Apr 2023,2023,4,13,CAUCA,PATIA,19532,ACPM,10000
20 Apr 2023,2023,4,20,CUNDINAMARCA,PUERTO SALGAR,25572,GASOLINA CORRIENTE,11250
04 Apr 2023,2023,4,4,SANTANDER,BUCARAMANGA,68001,GASOLINA CORRIENTE,10990
06 Apr 2023,2023,4,6,RISARALDA,PEREIRA,66001,GASOLINA CORRIENTE,10990
03 Apr 2023,2023,4,3,CALDAS,MANIZALES,17001,ACPM,9260
15 Apr 2023,2023,4,15,NORTE DE SANTANDER,LOS PATIOS,54405,ACPM,11810
21 Apr 2023,2023,4,21,NARIÑO,TAMINANGO,52786,ACPM,8790
04 Apr 2023,2023,4,4,ATLANTICO,BARANOA,08078,ACPM,9070
03 Apr 2023,2023,4,3,ATLANTICO,CANDELARIA,08141,GASOLINA CORRIENTE,10890
01 Apr 2023,2023,4,1,HUILA,PITALITO,41551,GASOLINA CORRIENTE,11840
01 Apr 2023,2023,4,1,ANTIOQUIA,PEÑOL,05541,ACPM,9500
05 Apr 2023,2023,4,5,VALLE DEL CAUCA,CALI,76001,GASOLINA EXTRA,20020
05 Apr 2023,2023,4,5,VALLE DEL CAUCA,CALI,76001,GASOLINA EXTRA,20020
15 Apr 2023,2023,4,15,SANTANDER,BUCARAMANGA,68001,ACPM,8790
01 Apr 2023,2023,4,1,ANTIOQUIA,MEDELLIN,05001,GASOLINA EXTRA,20160
01 Apr 2023,2023,4,1,ANTIOQUIA,RETIRO,05607,GASOLINA CORRIENTE,11090
28 Apr 2023,2023,4,28,CESAR,AGUACHICA,20011,ACPM,8199
12 Apr 2023,2023,4,12,CORDOBA,SAN ANTERO,23672,ACPM,9400
01 Apr 2023,2023,4,1,VALLE DEL CAUCA,CALI,76001,GASOLINA EXTRA,18830
01 Apr 2023,2023,4,1,VALLE DEL CAUCA,CALI,76001,GASOLINA EXTRA,18830
03 Apr 2023,2023,4,3,CESAR,VALLEDUPAR,20001,GASOLINA EXTRA,18000
01 Apr 2023,2023,4,1,TOLIMA,ORTEGA,73504,GASOLINA CORRIENTE,11750
02 Apr 2023,2023,4,2,SANTANDER,SUAITA,68770,ACPM,9150
06 Apr 2023,2023,4,6,NARIÑO,EL CHARCO,52250,GASOLINA CORRIENTE,9850
06 Apr 2023,2023,4,6,NARIÑO,EL CHARCO,52250,GASOLINA CORRIENTE,9850
05 Apr 2023,2023,4,5,TOLIMA,IBAGUE,73001,GASOLINA EXTRA,19235
03 Apr 2023,2023,4,3,TOLIMA,HERVEO,73347,ACPM,9260
13 Apr 2023,2023,4,13,CESAR,SAN ALBERTO,20710,GASOLINA EXTRA,19069
05 Apr 2023,2023,4,5,CASANARE,AGUAZUL,85010,GASOLINA CORRIENTE,11429
01 Apr 2023,2023,4,1,NORTE DE SANTANDER,SAN JOSE DE CUCUTA,54001,GASOLINA CORRIENTE,9710
01 Apr 2023,2023,4,1,NORTE DE SANTANDER,SAN JOSE DE CUCUTA,54001,GASOLINA CORRIENTE,9710
01 Apr 2023,2023,4,1,NORTE DE SANTANDER,SAN JOSE DE CUCUTA,54001,GASOLINA CORRIENTE,9710
01 Apr 2023,2023,4,1,NORTE DE SANTANDER,SAN JOSE DE CUCUTA,54001,GASOLINA CORRIENTE,9710
01 Apr 2023,2023,4,1,NORTE DE SANTANDER,SAN JOSE DE CUCUTA,54001,GASOLINA CORRIENTE,9710
01 Apr 2023,2023,4,1,NORTE DE SANTANDER,SAN JOSE DE CUCUTA,54001,GASOLINA CORRIENTE,9710
01 Apr 2023,2023,4,1,NORTE DE SANTANDER,SAN JOSE DE CUCUTA,54001,GASOLINA CORRIENTE,9710
13 Apr 2023,2023,4,13,CESAR,EL COPEY,20238,GASOLINA CORRIENTE,9157
04 Apr 2023,2023,4,4,CASANARE,YOPAL,85001,GASOLINA EXTRA,19748
05 Apr 2023,2023,4,5,ANTIOQUIA,MEDELLIN,05001,ACPM,8970
03 Apr 2023,2023,4,3,TOLIMA,SAN SEBASTIAN DE MARIQUITA,73443,GASOLINA CORRIENTE,11300
01 Apr 2023,2023,4,1,MAGDALENA,SANTA MARTA,47001,GASOLINA CORRIENTE,11179
01 Apr 2023,2023,4,1,MAGDALENA,SANTA MARTA,47001,GASOLINA CORRIENTE,11179
19 Apr 2023,2023,4,19,NARIÑO,SAN ANDRES DE TUMACO,52835,ACPM,10980
19 Apr 2023,2023,4,19,NARIÑO,SAN ANDRES DE TUMACO,52835,ACPM,10980
10 Apr 2023,2023,4,10,NORTE DE SANTANDER,SARDINATA,54720,ACPM,9692
03 Apr 2023,2023,4,3,BOYACA,SOGAMOSO,15759,ACPM,9620
02 Apr 2023,2023,4,2,BOYACA,SANTA SOFIA,15696,ACPM,9800
30 Apr 2023,2023,4,30,META,VILLAVICENCIO,50001,ACPM,10540
10 Apr 2023,2023,4,10,NARIÑO,SANDONA,52683,ACPM,8515
01 Apr 2023,2023,4,1,HUILA,TELLO,41799,GASOLINA CORRIENTE,11920
05 Apr 2023,2023,4,5,NARIÑO,EL TABLON DE GOMEZ,52258,ACPM,8790
03 Apr 2023,2023,4,3,ANTIOQUIA,LA CEJA,05376,GASOLINA EXTRA,19240
07 Apr 2023,2023,4,7,META,SAN JUAN DE ARAMA,50683,GASOLINA CORRIENTE,12000
03 Apr 2023,2023,4,3,VALLE DEL CAUCA,BUENAVENTURA,76109,GASOLINA CORRIENTE,11120
19 Apr 2023,2023,4,19,NORTE DE SANTANDER,LOS PATIOS,54405,ACPM,9615
19 Apr 2023,2023,4,19,CESAR,LA GLORIA,20383,GASOLINA CORRIENTE,10700
03 Apr 2023,2023,4,3,ATLANTICO,BARRANQUILLA,08001,GASOLINA CORRIENTE,11280
03 Apr 2023,2023,4,3,ATLANTICO,BARRANQUILLA,08001,GASOLINA CORRIENTE,11280
26 Apr 2023,2023,4,26,CESAR,PAILITAS,20517,GASOLINA EXTRA,17500
01 Apr 2023,2023,4,1,META,ACACIAS,50006,GASOLINA CORRIENTE,11070
03 Apr 2023,2023,4,3,CALDAS,MANIZALES,17001,ACPM,9417
28 Apr 2023,2023,4,28,NORTE DE SANTANDER,EL ZULIA,54261,ACPM,9820
28 Apr 2023,2023,4,28,NORTE DE SANTANDER,EL ZULIA,54261,ACPM,9820
01 Apr 2023,2023,4,1,ANTIOQUIA,RIONEGRO,05615,ACPM,9280
01 Apr 2023,2023,4,1,ANTIOQUIA,RIONEGRO,05615,ACPM,9280
01 Apr 2023,2023,4,1,TOLIMA,MELGAR,73449,GASOLINA CORRIENTE,10890
01 Apr 2023,2023,4,1,TOLIMA,MELGAR,73449,GASOLINA CORRIENTE,10890
13 Apr 2023,2023,4,13,CAUCA,PATIA,19532,GASOLINA CORRIENTE,12000
01 Apr 2023,2023,4,1,ATLANTICO,SANTO TOMAS,08685,GASOLINA EXTRA,19770
02 Apr 2023,2023,4,2,BOLIVAR,MARIA LA BAJA,13442,GASOLINA CORRIENTE,12230
01 Apr 2023,2023,4,1,NARIÑO,TAMINANGO,52786,GASOLINA CORRIENTE,8916
01 Apr 2023,2023,4,1,NARIÑO,TAMINANGO,52786,GASOLINA CORRIENTE,8916
01 Apr 2023,2023,4,1,NARIÑO,EL CHARCO,52250,GASOLINA CORRIENTE,10000
02 Apr 2023,2023,4,2,BOLIVAR,SANTA ROSA DEL SUR,13688,ACPM,9300
01 Apr 2023,2023,4,1,META,VILLAVICENCIO,50001,GASOLINA CORRIENTE,11030
10 Apr 2023,2023,4,10,ANTIOQUIA,COPACABANA,05212,ACPM,9080
04 Apr 2023,2023,4,4,VALLE DEL CAUCA,ANDALUCIA,76036,ACPM,8891
04 Apr 2023,2023,4,4,VALLE DEL CAUCA,ANDALUCIA,76036,ACPM,8891
12 Apr 2023,2023,4,12,CESAR,GAMARRA,20295,GASOLINA CORRIENTE,9700
04 Apr 2023,2023,4,4,NARIÑO,SAN PABLO,52693,GASOLINA CORRIENTE,9515
04 Apr 2023,2023,4,4,NARIÑO,SAN PABLO,52693,GASOLINA CORRIENTE,9515
01 Apr 2023,2023,4,1,SUCRE,SINCELEJO,70001,GASOLINA CORRIENTE,11960
01 Apr 2023,2023,4,1,SUCRE,SINCELEJO,70001,GASOLINA CORRIENTE,11960
01 Apr 2023,2023,4,1,BOLIVAR,CARTAGENA DE INDIAS,13001,ACPM,9350
04 Apr 2023,2023,4,4,CUNDINAMARCA,CAJICA,25126,GASOLINA CORRIENTE,11410
01 Apr 2023,2023,4,1,ANTIOQUIA,NECHI,05495,ACPM,9810
01 Apr 2023,2023,4,1,CAQUETA,FLORENCIA,18001,ACPM,9520
01 Apr 2023,2023,4,1,ANTIOQUIA,SANTA BARBARA,05679,GASOLINA CORRIENTE,12240
01 Apr 2023,2023,4,1,CUNDINAMARCA,COTA,25214,GASOLINA CORRIENTE,11540
24 Apr 2023,2023,4,24,NORTE DE SANTANDER,VILLA DEL ROSARIO,54874,GASOLINA CORRIENTE,11800
24 Apr 2023,2023,4,24,NORTE DE SANTANDER,VILLA DEL ROSARIO,54874,GASOLINA CORRIENTE,11800
24 Apr 2023,2023,4,24,NORTE DE SANTANDER,VILLA DEL ROSARIO,54874,GASOLINA CORRIENTE,11800
18 Apr 2023,2023,4,18,NARIÑO,SAN ANDRES DE TUMACO,52835,ACPM,8500
18 Apr 2023,2023,4,18,NARIÑO,SAN ANDRES DE TUMACO,52835,ACPM,8500
04 Apr 2023,2023,4,4,SANTANDER,BARRANCABERMEJA,68081,ACPM,8610
01 Apr 2023,2023,4,1,LA GUAJIRA,MAICAO,44430,AVIGAS,9100
01 Apr 2023,2023,4,1,LA GUAJIRA,MAICAO,44430,AVIGAS,9100
01 Apr 2023,2023,4,1,LA GUAJIRA,MAICAO,44430,AVIGAS,9100
01 Apr 2023,2023,4,1,LA GUAJIRA,MAICAO,44430,AVIGAS,9100
17 Apr 2023,2023,4,17,NORTE DE SANTANDER,LA ESPERANZA,54385,ACPM,8400
02 Apr 2023,2023,4,2,CASANARE,TAURAMENA,85410,ACPM,10390
01 Apr 2023,2023,4,1,CUNDINAMARCA,NEMOCON,25486,GASOLINA CORRIENTE,11570
01 Apr 2023,2023,4,1,ATLANTICO,BARRANQUILLA,08001,GASOLINA EXTRA,19950
15 Apr 2023,2023,4,15,CESAR,GAMARRA,20295,ACPM,9000
01 Apr 2023,2023,4,1,CUNDINAMARCA,MADRID,25430,GASOLINA CORRIENTE,10687
10 Apr 2023,2023,4,10,META,GRANADA,50313,ACPM,9669
01 Apr 2023,2023,4,1,ANTIOQUIA,MEDELLIN,05001,ACPM,9440
03 Apr 2023,2023,4,3,NARIÑO,SAN ANDRES DE TUMACO,52835,GASOLINA CORRIENTE,9911
03 Apr 2023,2023,4,3,NARIÑO,SAN ANDRES DE TUMACO,52835,GASOLINA CORRIENTE,9911
03 Apr 2023,2023,4,3,ATLANTICO,GALAPA,08296,GASOLINA CORRIENTE,10680
01 Apr 2023,2023,4,1,VALLE DEL CAUCA,TULUA,76834,GASOLINA CORRIENTE,11289
01 Apr 2023,2023,4,1,VALLE DEL CAUCA,TULUA,76834,GASOLINA EXTRA,20000
01 Apr 2023,2023,4,1,VALLE DEL CAUCA,TULUA,76834,GASOLINA EXTRA,20000
16 Apr 2023,2023,4,16,CESAR,SAN MARTIN,20770,GASOLINA CORRIENTE,10880
03 Apr 2023,2023,4,3,VALLE DEL CAUCA,GINEBRA,76306,ACPM,9300
01 Apr 2023,2023,4,1,HUILA,NEIVA,41001,GASOLINA EXTRA,19050
01 Apr 2023,2023,4,1,HUILA,NEIVA,41001,GASOLINA EXTRA,19050
01 Apr 2023,2023,4,1,HUILA,NEIVA,41001,GASOLINA EXTRA,19050
03 Apr 2023,2023,4,3,VALLE DEL CAUCA,GUADALAJARA DE BUGA,76111,GASOLINA CORRIENTE,11650
03 Apr 2023,2023,4,3,VALLE DEL CAUCA,BUENAVENTURA,76109,ACPM,9250
03 Apr 2023,2023,4,3,VALLE DEL CAUCA,BUENAVENTURA,76109,ACPM,9250
01 Apr 2023,2023,4,1,META,CUMARAL,50226,GASOLINA CORRIENTE,11840
10 Apr 2023,2023,4,10,NARIÑO,MAGUI,52427,GASOLINA CORRIENTE,11150
01 Apr 2023,2023,4,1,META,VILLAVICENCIO,50001,GASOLINA EXTRA,20030
17 Apr 2023,2023,4,17,NORTE DE SANTANDER,VILLA DEL ROSARIO,54874,GASOLINA EXTRA,19689
05 Apr 2023,2023,4,5,CAQUETA,FLORENCIA,18001,GASOLINA CORRIENTE,11800
01 Apr 2023,2023,4,1,ARAUCA,SARAVENA,81736,ACPM,8810
01 Apr 2023,2023,4,1,ARAUCA,SARAVENA,81736,ACPM,8810
01 Apr 2023,2023,4,1,CAUCA,PIENDAMO - TUNIA,19548,ACPM,9340
04 Apr 2023,2023,4,4,SANTANDER,PIEDECUESTA,68547,GASOLINA CORRIENTE,11150
25 Apr 2023,2023,4,25,CESAR,EL COPEY,20238,ACPM,8070
01 Apr 2023,2023,4,1,BOLIVAR,CARTAGENA DE INDIAS,13001,GASOLINA CORRIENTE,10860
01 Apr 2023,2023,4,1,BOLIVAR,CARTAGENA DE INDIAS,13001,GASOLINA CORRIENTE,10860
04 Apr 2023,2023,4,4,CUNDINAMARCA,CHOCONTA,25183,GASOLINA CORRIENTE,11690
01 Apr 2023,2023,4,1,HUILA,CAMPOALEGRE,41132,ACPM,10350
04 Apr 2023,2023,4,4,CUNDINAMARCA,LA VEGA,25402,GASOLINA CORRIENTE,10740
04 Apr 2023,2023,4,4,NARIÑO,BARBACOAS,52079,GASOLINA CORRIENTE,11150
04 Apr 2023,2023,4,4,NARIÑO,BARBACOAS,52079,GASOLINA CORRIENTE,11150
04 Apr 2023,2023,4,4,NARIÑO,BARBACOAS,52079,GASOLINA CORRIENTE,11150
01 Apr 2023,2023,4,1,SANTANDER,PINCHOTE,68549,GASOLINA CORRIENTE,11240
05 Apr 2023,2023,4,5,QUINDIO,ARMENIA,63001,ACPM,9280
01 Apr 2023,2023,4,1,MAGDALENA,SANTA MARTA,47001,ACPM,9350
02 Apr 2023,2023,4,2,CALDAS,VICTORIA,17867,GASOLINA CORRIENTE,11700
01 Apr 2023,2023,4,1,CHOCO,MEDIO BAUDO,27430,ACPM,10100
21 Apr 2023,2023,4,21,NARIÑO,LEIVA,52405,ACPM,11000
21 Apr 2023,2023,4,21,NARIÑO,LEIVA,52405,ACPM,11000
01 Apr 2023,2023,4,1,QUINDIO,ARMENIA,63001,GASOLINA CORRIENTE,10990
01 Apr 2023,2023,4,1,TOLIMA,MELGAR,73449,GASOLINA CORRIENTE,10980
03 Apr 2023,2023,4,3,CESAR,AGUACHICA,20011,GASOLINA CORRIENTE,8900
03 Apr 2023,2023,4,3,CESAR,AGUACHICA,20011,GASOLINA CORRIENTE,8900
03 Apr 2023,2023,4,3,CALDAS,LA DORADA,17380,ACPM,9100
03 Apr 2023,2023,4,3,NORTE DE SANTANDER,LA ESPERANZA,54385,GASOLINA CORRIENTE,7200
01 Apr 2023,2023,4,1,ANTIOQUIA,ITAGUI,05360,GASOLINA CORRIENTE,10970
25 Apr 2023,2023,4,25,CESAR,PAILITAS,20517,ACPM,8890
01 Apr 2023,2023,4,1,BOLIVAR,TURBACO,13836,GASOLINA EXTRA,18580
01 Apr 2023,2023,4,1,CAUCA,SUCRE,19785,GASOLINA CORRIENTE,12200
30 Apr 2023,2023,4,30,LA GUAJIRA,RIOHACHA,44001,GASOLINA CORRIENTE,7600
01 Apr 2023,2023,4,1,SUCRE,SINCELEJO,70001,GASOLINA CORRIENTE,10950
01 Apr 2023,2023,4,1,NORTE DE SANTANDER,EL ZULIA,54261,GASOLINA CORRIENTE,9700
01 Apr 2023,2023,4,1,NORTE DE SANTANDER,EL ZULIA,54261,GASOLINA CORRIENTE,9700
01 Apr 2023,2023,4,1,LA GUAJIRA,VILLANUEVA,44874,AVIGAS,9300
27 Apr 2023,2023,4,27,NORTE DE SANTANDER,VILLA DEL ROSARIO,54874,GASOLINA CORRIENTE,11800
27 Apr 2023,2023,4,27,NORTE DE SANTANDER,VILLA DEL ROSARIO,54874,GASOLINA CORRIENTE,11800
27 Apr 2023,2023,4,27,NORTE DE SANTANDER,VILLA DEL ROSARIO,54874,GASOLINA CORRIENTE,11800
27 Apr 2023,2023,4,27,NORTE DE SANTANDER,VILLA DEL ROSARIO,54874,GASOLINA CORRIENTE,11800
11 Apr 2023,2023,4,11,ANTIOQUIA,MEDELLIN,05001,ACPM,9490
03 Apr 2023,2023,4,3,ATLANTICO,BARRANQUILLA,08001,GASOLINA EXTRA,19950
10 Apr 2023,2023,4,10,CUNDINAMARCA,RICAURTE,25612,IFO,19900
01 Apr 2023,2023,4,1,CUNDINAMARCA,FUNZA,25286,GASOLINA CORRIENTE,11171
02 Apr 2023,2023,4,2,SANTANDER,PIEDECUESTA,68547,ACPM,8990
01 Apr 2023,2023,4,1,ATLANTICO,SOLEDAD,08758,GASOLINA CORRIENTE,10860
01 Apr 2023,2023,4,1,CESAR,BOSCONIA,20060,GASOLINA CORRIENTE,10300
03 Apr 2023,2023,4,3,CUNDINAMARCA,COTA,25214,GASOLINA EXTRA,19990
03 Apr 2023,2023,4,3,CUNDINAMARCA,COTA,25214,GASOLINA EXTRA,19990
04 Apr 2023,2023,4,4,NORTE DE SANTANDER,EL ZULIA,54261,ACPM,7175
27 Apr 2023,2023,4,27,CESAR,AGUACHICA,20011,GASOLINA CORRIENTE,9411
18 Apr 2023,2023,4,18,VICHADA,CUMARIBO,99773,ACPM,9000
26 Apr 2023,2023,4,26,NARIÑO,NARIÑO,52480,GASOLINA CORRIENTE,9470
22 Apr 2023,2023,4,22,NORTE DE SANTANDER,OCAÑA,54498,ACPM,9000
22 Apr 2023,2023,4,22,NORTE DE SANTANDER,OCAÑA,54498,ACPM,9000
04 Apr 2023,2023,4,4,CUNDINAMARCA,UBATE,25843,GASOLINA CORRIENTE,11645
01 Apr 2023,2023,4,1,CAUCA,CALOTO,19142,GASOLINA CORRIENTE,11380
01 Apr 2023,2023,4,1,CAUCA,CALOTO,19142,GASOLINA CORRIENTE,11380
01 Apr 2023,2023,4,1,NORTE DE SANTANDER,EL ZULIA,54261,ACPM,9350
04 Apr 2023,2023,4,4,CORDOBA,LORICA,23417,ACPM,9620
01 Apr 2023,2023,4,1,PUTUMAYO,MOCOA,86001,ACPM,9230
01 Apr 2023,2023,4,1,SUCRE,SINCELEJO,70001,GASOLINA CORRIENTE,10690
03 Apr 2023,2023,4,3,CUNDINAMARCA,LA CALERA,25377,ACPM,9390
01 Apr 2023,2023,4,1,ANTIOQUIA,SALGAR,05642,GASOLINA EXTRA,12100
04 Apr 2023,2023,4,4,BOLIVAR,MONTECRISTO,13458,ACPM,10310
23 Apr 2023,2023,4,23,NARIÑO,BARBACOAS,52079,GASOLINA CORRIENTE,11790
23 Apr 2023,2023,4,23,NARIÑO,BARBACOAS,52079,GASOLINA CORRIENTE,11790
14 Apr 2023,2023,4,14,CESAR,AGUACHICA,20011,GASOLINA CORRIENTE,7890
03 Apr 2023,2023,4,3,ANTIOQUIA,MEDELLIN,05001,ACPM,9673
26 Apr 2023,2023,4,26,PUTUMAYO,PUERTO ASIS,86568,ACPM,9845
01 Apr 2023,2023,4,1,VALLE DEL CAUCA,CALI,76001,GASOLINA CORRIENTE,10830
01 Apr 2023,2023,4,1,VALLE DEL CAUCA,CALI,76001,GASOLINA CORRIENTE,10830
01 Apr 2023,2023,4,1,VALLE DEL CAUCA,CALI,76001,GASOLINA CORRIENTE,10830
18 Apr 2023,2023,4,18,CORDOBA,SAHAGUN,23660,ACPM,8730
03 Apr 2023,2023,4,3,BOLIVAR,ARJONA,13052,GASOLINA CORRIENTE,11390
04 Apr 2023,2023,4,4,CESAR,RIO DE ORO,20614,ACPM,6940
04 Apr 2023,2023,4,4,CESAR,RIO DE ORO,20614,ACPM,6940
05 Apr 2023,2023,4,5,CUNDINAMARCA,TENA,25797,GASOLINA CORRIENTE,11637
01 Apr 2023,2023,4,1,ANTIOQUIA,TURBO,05837,ACPM,9390
01 Apr 2023,2023,4,1,CUNDINAMARCA,SOACHA,25754,GASOLINA CORRIENTE,11570
04 Apr 2023,2023,4,4,HUILA,GARZON,41298,GASOLINA CORRIENTE,11840
01 Apr 2023,2023,4,1,NARIÑO,BARBACOAS,52079,ACPM,9200
03 Apr 2023,2023,4,3,RISARALDA,DOSQUEBRADAS,66170,ACPM,9997
05 Apr 2023,2023,4,5,BOYACA,PAIPA,15516,GASOLINA CORRIENTE,11500
03 Apr 2023,2023,4,3,HUILA,GARZON,41298,GASOLINA CORRIENTE,11750
04 Apr 2023,2023,4,4,NARIÑO,BELEN,52083,ACPM,8900
04 Apr 2023,2023,4,4,NARIÑO,BELEN,52083,ACPM,8900
18 Apr 2023,2023,4,18,NARIÑO,BARBACOAS,52079,GASOLINA CORRIENTE,11790
18 Apr 2023,2023,4,18,NARIÑO,BARBACOAS,52079,GASOLINA CORRIENTE,11790
01 Apr 2023,2023,4,1,VALLE DEL CAUCA,CALI,76001,ACPM,9480
01 Apr 2023,2023,4,1,VALLE DEL CAUCA,CALI,76001,ACPM,9480
01 Apr 2023,2023,4,1,VALLE DEL CAUCA,CALI,76001,ACPM,9480
01 Apr 2023,2023,4,1,VALLE DEL CAUCA,CALI,76001,ACPM,9480
01 Apr 2023,2023,4,1,VALLE DEL CAUCA,CALI,76001,ACPM,9480
01 Apr 2023,2023,4,1,VALLE DEL CAUCA,CALI,76001,ACPM,9480
01 Apr 2023,2023,4,1,CAQUETA,FLORENCIA,18001,ACPM,9540
20 Apr 2023,2023,4,20,BOYACA,PAIPA,15516,ACPM,9240
05 Apr 2023,2023,4,5,BOYACA,PUERTO BOYACA,15572,GASOLINA CORRIENTE,10900
01 Apr 2023,2023,4,1,TOLIMA,COYAIMA,73217,ACPM,9025
01 Apr 2023,2023,4,1,CASANARE,MANI,85139,GASOLINA CORRIENTE,11290
03 Apr 2023,2023,4,3,CAUCA,TIMBIO,19807,ACPM,9790
01 Apr 2023,2023,4,1,VALLE DEL CAUCA,CALIMA,76126,GASOLINA CORRIENTE,11670
15 Apr 2023,2023,4,15,NORTE DE SANTANDER,EL ZULIA,54261,ACPM,7200
01 Apr 2023,2023,4,1,ATLANTICO,POLONUEVO,08558,GASOLINA CORRIENTE,10600
01 Apr 2023,2023,4,1,ATLANTICO,POLONUEVO,08558,GASOLINA CORRIENTE,10600
05 Apr 2023,2023,4,5,META,GRANADA,50313,ACPM,9570
03 Apr 2023,2023,4,3,CAQUETA,FLORENCIA,18001,ACPM,9555
03 Apr 2023,2023,4,3,LA GUAJIRA,VILLANUEVA,44874,GASOLINA CORRIENTE,7620
03 Apr 2023,2023,4,3,LA GUAJIRA,VILLANUEVA,44874,GASOLINA CORRIENTE,7620
03 Apr 2023,2023,4,3,LA GUAJIRA,VILLANUEVA,44874,GASOLINA CORRIENTE,7620
14 Apr 2023,2023,4,14,RISARALDA,PEREIRA,66001,ACPM,9540
01 Apr 2023,2023,4,1,NARIÑO,LA FLORIDA,52381,GASOLINA CORRIENTE,9100
03 Apr 2023,2023,4,3,SANTANDER,SABANA DE TORRES,68655,GASOLINA CORRIENTE,11070
05 Apr 2023,2023,4,5,SUCRE,LA UNION,70400,ACPM,10800
01 Apr 2023,2023,4,1,VALLE DEL CAUCA,TULUA,76834,ACPM,9356
04 Apr 2023,2023,4,4,BOYACA,SORACA,15764,GASOLINA CORRIENTE,11650
20 Apr 2023,2023,4,20,PUTUMAYO,VILLAGARZON,86885,ACPM,9900
03 Apr 2023,2023,4,3,ATLANTICO,PUERTO COLOMBIA,08573,GASOLINA CORRIENTE,11480
14 Apr 2023,2023,4,14,CESAR,BOSCONIA,20060,GASOLINA CORRIENTE,9520
14 Apr 2023,2023,4,14,CESAR,BOSCONIA,20060,GASOLINA CORRIENTE,9520
01 Apr 2023,2023,4,1,ANTIOQUIA,MEDELLIN,05001,GASOLINA EXTRA,20840
01 Apr 2023,2023,4,1,BOYACA,DUITAMA,15238,GASOLINA EXTRA,19549
01 Apr 2023,2023,4,1,VALLE DEL CAUCA,CARTAGO,76147,GASOLINA EXTRA,18000
03 Apr 2023,2023,4,3,NARIÑO,SAMANIEGO,52678,GASOLINA CORRIENTE,9850
01 Apr 2023,2023,4,1,ANTIOQUIA,AMALFI,05031,ACPM,9360
01 Apr 2023,2023,4,1,ANTIOQUIA,AMALFI,05031,ACPM,9360
01 Apr 2023,2023,4,1,CUNDINAMARCA,TENJO,25799,GASOLINA EXTRA,19600
01 Apr 2023,2023,4,1,CALDAS,PALESTINA,17524,GASOLINA CORRIENTE,11560
24 Apr 2023,2023,4,24,BOLIVAR,TURBACO,13836,GASOLINA CORRIENTE,11440
05 Apr 2023,2023,4,5,HUILA,PALERMO,41524,GASOLINA EXTRA,19860
01 Apr 2023,2023,4,1,SANTANDER,BUCARAMANGA,68001,GASOLINA EXTRA,19040
04 Apr 2023,2023,4,4,ANTIOQUIA,GUADALUPE,05315,GASOLINA CORRIENTE,11975
01 Apr 2023,2023,4,1,NORTE DE SANTANDER,TOLEDO,54820,GASOLINA CORRIENTE,10037
15 Apr 2023,2023,4,15,NORTE DE SANTANDER,OCAÑA,54498,ACPM,7500
03 Apr 2023,2023,4,3,ANTIOQUIA,SEGOVIA,05736,GASOLINA EXTRA,20250
03 Apr 2023,2023,4,3,TOLIMA,IBAGUE,73001,ACPM,9210
03 Apr 2023,2023,4,3,BOLIVAR,MAGANGUE,13430,ACPM,9590
15 Apr 2023,2023,4,15,ANTIOQUIA,MEDELLIN,05001,GASOLINA EXTRA,19220
01 Apr 2023,2023,4,1,CESAR,CHIRIGUANA,20178,GASOLINA CORRIENTE,9100
01 Apr 2023,2023,4,1,CESAR,CHIRIGUANA,20178,GASOLINA CORRIENTE,9100
02 Apr 2023,2023,4,2,ANTIOQUIA,AMALFI,05031,GASOLINA EXTRA,19790
03 Apr 2023,2023,4,3,CAUCA,BALBOA,19075,ACPM,9575
01 Apr 2023,2023,4,1,BOYACA,PAIPA,15516,GASOLINA CORRIENTE,11790
21 Apr 2023,2023,4,21,NORTE DE SANTANDER,SAN JOSE DE CUCUTA,54001,ACPM,9630
13 Apr 2023,2023,4,13,ARAUCA,PUERTO RONDON,81591,ACPM,10700
22 Apr 2023,2023,4,22,CAQUETA,CARTAGENA DEL CHAIRA,18150,GASOLINA CORRIENTE,12070
01 Apr 2023,2023,4,1,SUCRE,SAN MARCOS,70708,ACPM,9060
01 Apr 2023,2023,4,1,NARIÑO,SAN ANDRES DE TUMACO,52835,ACPM,9170
01 Apr 2023,2023,4,1,NARIÑO,SAN ANDRES DE TUMACO,52835,ACPM,9170
01 Apr 2023,2023,4,1,NARIÑO,SAN ANDRES DE TUMACO,52835,ACPM,9170
03 Apr 2023,2023,4,3,NORTE DE SANTANDER,RAGONVALIA,54599,ACPM,7175
01 Apr 2023,2023,4,1,CUNDINAMARCA,NEMOCON,25486,ACPM,9350
01 Apr 2023,2023,4,1,BOYACA,SOGAMOSO,15759,GASOLINA EXTRA,20648
01 Apr 2023,2023,4,1,SANTANDER,BUCARAMANGA,68001,GASOLINA CORRIENTE,11199
28 Apr 2023,2023,4,28,NORTE DE SANTANDER,PAMPLONA,54518,ACPM,9551
28 Apr 2023,2023,4,28,NORTE DE SANTANDER,PAMPLONA,54518,ACPM,9551
01 Apr 2023,2023,4,1,VALLE DEL CAUCA,PALMIRA,76520,ACPM,9200
03 Apr 2023,2023,4,3,NARIÑO,TAMINANGO,52786,ACPM,8790
03 Apr 2023,2023,4,3,CASANARE,YOPAL,85001,ACPM,9629
03 Apr 2023,2023,4,3,CASANARE,YOPAL,85001,ACPM,9629
28 Apr 2023,2023,4,28,SUCRE,SAMPUES,70670,ACPM,8900
04 Apr 2023,2023,4,4,GUAVIARE,EL RETORNO,95025,ACPM,9400
01 Apr 2023,2023,4,1,VALLE DEL CAUCA,RIOFRIO,76616,GASOLINA EXTRA,19249
01 Apr 2023,2023,4,1,NORTE DE SANTANDER,SAN JOSE DE CUCUTA,54001,GASOLINA CORRIENTE,11395
04 Apr 2023,2023,4,4,ATLANTICO,MALAMBO,08433,ACPM,8570
25 Apr 2023,2023,4,25,NORTE DE SANTANDER,SAN JOSE DE CUCUTA,54001,GASOLINA CORRIENTE,11820
03 Apr 2023,2023,4,3,CUNDINAMARCA,FUSAGASUGA,25290,GASOLINA CORRIENTE,11630
03 Apr 2023,2023,4,3,CUNDINAMARCA,FUSAGASUGA,25290,GASOLINA CORRIENTE,11630
01 Apr 2023,2023,4,1,ATLANTICO,BARRANQUILLA,08001,ACPM,9060
01 Apr 2023,2023,4,1,ATLANTICO,BARRANQUILLA,08001,ACPM,9060
22 Apr 2023,2023,4,22,CESAR,LA GLORIA,20383,GASOLINA EXTRA,10000
01 Apr 2023,2023,4,1,NARIÑO,SAN ANDRES DE TUMACO,52835,GASOLINA CORRIENTE,9350
01 Apr 2023,2023,4,1,NARIÑO,SAN ANDRES DE TUMACO,52835,GASOLINA CORRIENTE,9350
01 Apr 2023,2023,4,1,NARIÑO,SAN ANDRES DE TUMACO,52835,GASOLINA CORRIENTE,9350
01 Apr 2023,2023,4,1,NARIÑO,SAN ANDRES DE TUMACO,52835,GASOLINA CORRIENTE,9350
17 Apr 2023,2023,4,17,NARIÑO,SAMANIEGO,52678,ACPM,10200
03 Apr 2023,2023,4,3,SUCRE,SAN ONOFRE,70713,ACPM,8770
03 Apr 2023,2023,4,3,SANTANDER,SOCORRO,68755,GASOLINA CORRIENTE,11520
03 Apr 2023,2023,4,3,NARIÑO,PASTO,52001,ACPM,8394
03 Apr 2023,2023,4,3,VALLE DEL CAUCA,GUADALAJARA DE BUGA,76111,ACPM,9040
03 Apr 2023,2023,4,3,CASANARE,MONTERREY,85162,GASOLINA CORRIENTE,11880
28 Apr 2023,2023,4,28,GUAINIA,INIRIDA,94001,GASOLINA CORRIENTE,15727
03 Apr 2023,2023,4,3,CESAR,LA GLORIA,20383,GASOLINA CORRIENTE,9300
04 Apr 2023,2023,4,4,ANTIOQUIA,ANGOSTURA,05038,ACPM,9269
11 Apr 2023,2023,4,11,LA GUAJIRA,URIBIA,44847,AVIGAS,9156
01 Apr 2023,2023,4,1,SANTANDER,GIRON,68307,ACPM,8599
03 Apr 2023,2023,4,3,VALLE DEL CAUCA,BUENAVENTURA,76109,GASOLINA CORRIENTE,11372
23 Apr 2023,2023,4,23,NORTE DE SANTANDER,EL ZULIA,54261,GASOLINA CORRIENTE,11622
23 Apr 2023,2023,4,23,NORTE DE SANTANDER,EL ZULIA,54261,GASOLINA CORRIENTE,11622
14 Apr 2023,2023,4,14,CAQUETA,SOLANO,18756,GASOLINA CORRIENTE,13000
03 Apr 2023,2023,4,3,SUCRE,SINCELEJO,70001,GASOLINA CORRIENTE,11260
03 Apr 2023,2023,4,3,SUCRE,SINCELEJO,70001,GASOLINA CORRIENTE,11260
01 Apr 2023,2023,4,1,HUILA,NEIVA,41001,ACPM,9400
01 Apr 2023,2023,4,1,HUILA,NEIVA,41001,ACPM,9400
01 Apr 2023,2023,4,1,HUILA,NEIVA,41001,ACPM,9400
01 Apr 2023,2023,4,1,HUILA,NEIVA,41001,ACPM,9400
03 Apr 2023,2023,4,3,CUNDINAMARCA,FACATATIVA,25269,ACPM,9320
03 Apr 2023,2023,4,3,CUNDINAMARCA,FACATATIVA,25269,ACPM,9320
19 Apr 2023,2023,4,19,CESAR,AGUACHICA,20011,ACPM,8200
10 Apr 2023,2023,4,10,CUNDINAMARCA,TIBACUY,25805,GASOLINA CORRIENTE,11890
03 Apr 2023,2023,4,3,MAGDALENA,NUEVA GRANADA,47460,GASOLINA CORRIENTE,11800
01 Apr 2023,2023,4,1,CESAR,LA JAGUA DE IBIRICO,20400,ACPM,8230
04 Apr 2023,2023,4,4,CORDOBA,TIERRALTA,23807,GASOLINA CORRIENTE,12760
05 Apr 2023,2023,4,5,GUAVIARE,SAN JOSE DEL GUAVIARE,95001,ACPM,12200
03 Apr 2023,2023,4,3,NORTE DE SANTANDER,ABREGO,54003,GASOLINA CORRIENTE,9950
03 Apr 2023,2023,4,3,NORTE DE SANTANDER,ABREGO,54003,GASOLINA CORRIENTE,9950
03 Apr 2023,2023,4,3,NORTE DE SANTANDER,ABREGO,54003,GASOLINA CORRIENTE,9950
03 Apr 2023,2023,4,3,NORTE DE SANTANDER,ABREGO,54003,GASOLINA CORRIENTE,9950
01 Apr 2023,2023,4,1,NORTE DE SANTANDER,VILLA DEL ROSARIO,54874,GASOLINA EXTRA,19889
01 Apr 2023,2023,4,1,NORTE DE SANTANDER,VILLA DEL ROSARIO,54874,GASOLINA EXTRA,19889
20 Apr 2023,2023,4,20,NARIÑO,SAMANIEGO,52678,ACPM,10100
20 Apr 2023,2023,4,20,PUTUMAYO,VALLE DEL GUAMUEZ,86865,ACPM,10385
03 Apr 2023,2023,4,3,CORDOBA,MONTELIBANO,23466,ACPM,9780
01 Apr 2023,2023,4,1,SUCRE,TOLU VIEJO,70823,GASOLINA CORRIENTE,11600
01 Apr 2023,2023,4,1,SUCRE,TOLU VIEJO,70823,GASOLINA CORRIENTE,11600
24 Apr 2023,2023,4,24,PUTUMAYO,PUERTO ASIS,86568,ACPM,10273
01 Apr 2023,2023,4,1,NORTE DE SANTANDER,VILLA DEL ROSARIO,54874,GASOLINA CORRIENTE,9710
01 Apr 2023,2023,4,1,NORTE DE SANTANDER,VILLA DEL ROSARIO,54874,GASOLINA CORRIENTE,9710
01 Apr 2023,2023,4,1,NORTE DE SANTANDER,VILLA DEL ROSARIO,54874,GASOLINA CORRIENTE,9710
01 Apr 2023,2023,4,1,CAUCA,POPAYAN,19001,GASOLINA CORRIENTE,11700
01 Apr 2023,2023,4,1,PUTUMAYO,VILLAGARZON,86885,GASOLINA CORRIENTE,10850
03 Apr 2023,2023,4,3,RISARALDA,DOSQUEBRADAS,66170,GASOLINA CORRIENTE,11280
01 Apr 2023,2023,4,1,ANTIOQUIA,RETIRO,05607,GASOLINA EXTRA,20470
28 Apr 2023,2023,4,28,CUNDINAMARCA,CAJICA,25126,ACPM,9290
28 Apr 2023,2023,4,28,CUNDINAMARCA,CAJICA,25126,ACPM,9290
01 Apr 2023,2023,4,1,SANTANDER,FLORIDABLANCA,68276,GASOLINA EXTRA,16000
01 Apr 2023,2023,4,1,NARIÑO,TUQUERRES,52838,GASOLINA CORRIENTE,9300
03 Apr 2023,2023,4,3,BOYACA,SOGAMOSO,15759,GASOLINA CORRIENTE,11790
01 Apr 2023,2023,4,1,NORTE DE SANTANDER,SAN JOSE DE CUCUTA,54001,GASOLINA CORRIENTE,9709
01 Apr 2023,2023,4,1,ANTIOQUIA,BELLO,05088,ACPM,9444
24 Apr 2023,2023,4,24,PUTUMAYO,VALLE DEL GUAMUEZ,86865,GASOLINA CORRIENTE,12680
22 Apr 2023,2023,4,22,NORTE DE SANTANDER,OCAÑA,54498,ACPM,7550
23 Apr 2023,2023,4,23,NORTE DE SANTANDER,TIBU,54810,ACPM,12078
04 Apr 2023,2023,4,4,SANTANDER,PIEDECUESTA,68547,GASOLINA CORRIENTE,11290
02 Apr 2023,2023,4,2,NORTE DE SANTANDER,TEORAMA,54800,GASOLINA CORRIENTE,9800
03 Apr 2023,2023,4,3,CESAR,EL PASO,20250,ACPM,8300
01 Apr 2023,2023,4,1,TOLIMA,MELGAR,73449,GASOLINA CORRIENTE,11260
05 Apr 2023,2023,4,5,SUCRE,TOLU VIEJO,70823,ACPM,9480
01 Apr 2023,2023,4,1,RISARALDA,QUINCHIA,66594,GASOLINA CORRIENTE,11080
01 Apr 2023,2023,4,1,VALLE DEL CAUCA,ZARZAL,76895,GASOLINA CORRIENTE,11450
01 Apr 2023,2023,4,1,VALLE DEL CAUCA,ZARZAL,76895,GASOLINA CORRIENTE,11450
01 Apr 2023,2023,4,1,BOLIVAR,CARTAGENA DE INDIAS,13001,GASOLINA CORRIENTE,11080
03 Apr 2023,2023,4,3,VALLE DEL CAUCA,LA UNION,76400,ACPM,10230
01 Apr 2023,2023,4,1,ANTIOQUIA,MARINILLA,05440,ACPM,9598
05 Apr 2023,2023,4,5,NARIÑO,LA CRUZ,52378,GASOLINA CORRIENTE,9515
03 Apr 2023,2023,4,3,LA GUAJIRA,VILLANUEVA,44874,KEROSENE,9700
03 Apr 2023,2023,4,3,CAQUETA,SAN JOSE DEL FRAGUA,18610,GASOLINA CORRIENTE,12150
03 Apr 2023,2023,4,3,META,CASTILLA LA NUEVA,50150,GASOLINA CORRIENTE,11660
01 Apr 2023,2023,4,1,CUNDINAMARCA,SOACHA,25754,GASOLINA CORRIENTE,10948
28 Apr 2023,2023,4,28,CESAR,BOSCONIA,20060,GASOLINA CORRIENTE,11090
04 Apr 2023,2023,4,4,VALLE DEL CAUCA,CALI,76001,GASOLINA EXTRA,20040
06 Apr 2023,2023,4,6,NARIÑO,EL TAMBO,52260,GASOLINA CORRIENTE,9580
06 Apr 2023,2023,4,6,NARIÑO,EL TAMBO,52260,GASOLINA CORRIENTE,9580
05 Apr 2023,2023,4,5,ANTIOQUIA,ENVIGADO,05266,GASOLINA EXTRA,20830
02 Apr 2023,2023,4,2,TOLIMA,ESPINAL,73268,GASOLINA CORRIENTE,11560
02 Apr 2023,2023,4,2,ANTIOQUIA,AMALFI,05031,ACPM,9360
02 Apr 2023,2023,4,2,BOYACA,OICATA,15500,GASOLINA CORRIENTE,11649
28 Apr 2023,2023,4,28,NORTE DE SANTANDER,EL ZULIA,54261,GASOLINA CORRIENTE,11850
28 Apr 2023,2023,4,28,NORTE DE SANTANDER,EL ZULIA,54261,GASOLINA CORRIENTE,11850
01 Apr 2023,2023,4,1,CUNDINAMARCA,CAJICA,25126,GASOLINA EXTRA,20099
24 Apr 2023,2023,4,24,NARIÑO,TUQUERRES,52838,GASOLINA CORRIENTE,11995
25 Apr 2023,2023,4,25,NORTE DE SANTANDER,VILLA DEL ROSARIO,54874,ACPM,9610
25 Apr 2023,2023,4,25,NORTE DE SANTANDER,VILLA DEL ROSARIO,54874,ACPM,9610
27 Apr 2023,2023,4,27,NORTE DE SANTANDER,OCAÑA,54498,ACPM,7700
03 Apr 2023,2023,4,3,META,CASTILLA LA NUEVA,50150,ACPM,9690
26 Apr 2023,2023,4,26,CESAR,SAN MARTIN,20770,GASOLINA CORRIENTE,9490
03 Apr 2023,2023,4,3,RISARALDA,DOSQUEBRADAS,66170,ACPM,9250
01 Apr 2023,2023,4,1,LA GUAJIRA,BARRANCAS,44078,GASOLINA CORRIENTE,7350
01 Apr 2023,2023,4,1,LA GUAJIRA,BARRANCAS,44078,GASOLINA CORRIENTE,7350
01 Apr 2023,2023,4,1,LA GUAJIRA,BARRANCAS,44078,GASOLINA CORRIENTE,7350
01 Apr 2023,2023,4,1,NARIÑO,GUAITARILLA,52320,GASOLINA CORRIENTE,9500
03 Apr 2023,2023,4,3,ATLANTICO,PIOJO,08549,GASOLINA EXTRA,19878
03 Apr 2023,2023,4,3,CESAR,VALLEDUPAR,20001,ACPM,7946
01 Apr 2023,2023,4,1,BOLIVAR,MAGANGUE,13430,GASOLINA CORRIENTE,10990
21 Apr 2023,2023,4,21,NORTE DE SANTANDER,SAN JOSE DE CUCUTA,54001,ACPM,9548
21 Apr 2023,2023,4,21,NORTE DE SANTANDER,SAN JOSE DE CUCUTA,54001,ACPM,9548
14 Apr 2023,2023,4,14,META,VILLAVICENCIO,50001,ACPM,10540
22 Apr 2023,2023,4,22,NORTE DE SANTANDER,EL ZULIA,54261,ACPM,7219
01 Apr 2023,2023,4,1,NORTE DE SANTANDER,EL ZULIA,54261,ACPM,7220
01 Apr 2023,2023,4,1,NORTE DE SANTANDER,EL ZULIA,54261,ACPM,7220
29 Apr 2023,2023,4,29,ARAUCA,ARAUCA,81001,GASOLINA CORRIENTE,12050
02 Apr 2023,2023,4,2,CORDOBA,LORICA,23417,ACPM,9620
01 Apr 2023,2023,4,1,NORTE DE SANTANDER,OCAÑA,54498,ACPM,7520
01 Apr 2023,2023,4,1,NORTE DE SANTANDER,OCAÑA,54498,ACPM,7520
01 Apr 2023,2023,4,1,NORTE DE SANTANDER,OCAÑA,54498,ACPM,7520
03 Apr 2023,2023,4,3,LA GUAJIRA,DIBULLA,44090,GASOLINA CORRIENTE,7642
03 Apr 2023,2023,4,3,LA GUAJIRA,DIBULLA,44090,GASOLINA CORRIENTE,7642
03 Apr 2023,2023,4,3,HUILA,NEIVA,41001,GASOLINA EXTRA,19980
01 Apr 2023,2023,4,1,LA GUAJIRA,HATONUEVO,44378,GASOLINA CORRIENTE,7579
01 Apr 2023,2023,4,1,LA GUAJIRA,HATONUEVO,44378,GASOLINA CORRIENTE,7579
14 Apr 2023,2023,4,14,RISARALDA,PEREIRA,66001,GASOLINA CORRIENTE,10990
03 Apr 2023,2023,4,3,BOLIVAR,TURBACO,13836,GASOLINA EXTRA,18773
01 Apr 2023,2023,4,1,BOLIVAR,NOROSI,13490,ACPM,10470
04 Apr 2023,2023,4,4,ANTIOQUIA,CALDAS,05129,ACPM,8910
01 Apr 2023,2023,4,1,CAQUETA,FLORENCIA,18001,GASOLINA CORRIENTE,11360
03 Apr 2023,2023,4,3,SANTANDER,GIRON,68307,GASOLINA CORRIENTE,10800
03 Apr 2023,2023,4,3,SANTANDER,GIRON,68307,GASOLINA CORRIENTE,10800
01 Apr 2023,2023,4,1,RISARALDA,DOSQUEBRADAS,66170,ACPM,9050
28 Apr 2023,2023,4,28,CUNDINAMARCA,EL ROSAL,25260,ACPM,9190
04 Apr 2023,2023,4,4,ANTIOQUIA,MEDELLIN,05001,GASOLINA CORRIENTE,11590
04 Apr 2023,2023,4,4,PUTUMAYO,PUERTO CAICEDO,86569,GASOLINA CORRIENTE,10700
27 Apr 2023,2023,4,27,PUTUMAYO,PUERTO ASIS,86568,ACPM,9070
01 Apr 2023,2023,4,1,CESAR,LA GLORIA,20383,ACPM,7950
01 Apr 2023,2023,4,1,CESAR,LA GLORIA,20383,ACPM,7950
03 Apr 2023,2023,4,3,QUINDIO,CALARCA,63130,GASOLINA EXTRA,19540
01 Apr 2023,2023,4,1,BOYACA,TUNJA,15001,GASOLINA CORRIENTE,11090
01 Apr 2023,2023,4,1,CAUCA,SILVIA,19743,GASOLINA CORRIENTE,12041
01 Apr 2023,2023,4,1,ANTIOQUIA,BELLO,05088,ACPM,9971
03 Apr 2023,2023,4,3,NORTE DE SANTANDER,ABREGO,54003,ACPM,7520
03 Apr 2023,2023,4,3,NORTE DE SANTANDER,ABREGO,54003,ACPM,7520
03 Apr 2023,2023,4,3,NORTE DE SANTANDER,ABREGO,54003,ACPM,7520
20 Apr 2023,2023,4,20,ARAUCA,SARAVENA,81736,ACPM,10900
20 Apr 2023,2023,4,20,ARAUCA,SARAVENA,81736,ACPM,10900
03 Apr 2023,2023,4,3,BOLIVAR,TURBACO,13836,ACPM,8840
03 Apr 2023,2023,4,3,CESAR,LA GLORIA,20383,ACPM,8000
02 Apr 2023,2023,4,2,CORDOBA,SAHAGUN,23660,GASOLINA EXTRA,19500
12 Apr 2023,2023,4,12,NORTE DE SANTANDER,TIBU,54810,ACPM,9819
17 Apr 2023,2023,4,17,TOLIMA,GUAMO,73319,ACPM,9049
04 Apr 2023,2023,4,4,CUNDINAMARCA,COTA,25214,ACPM,8980
03 Apr 2023,2023,4,3,CALDAS,VITERBO,17877,ACPM,9460
03 Apr 2023,2023,4,3,BOYACA,SOATA,15753,GASOLINA CORRIENTE,11900
03 Apr 2023,2023,4,3,BOYACA,BOYACA,15104,GASOLINA CORRIENTE,11740
21 Apr 2023,2023,4,21,PUTUMAYO,PUERTO CAICEDO,86569,GASOLINA CORRIENTE,12200
01 Apr 2023,2023,4,1,CESAR,SAN ALBERTO,20710,ACPM,7980
29 Apr 2023,2023,4,29,NORTE DE SANTANDER,SAN JOSE DE CUCUTA,54001,ACPM,9616
29 Apr 2023,2023,4,29,NORTE DE SANTANDER,SAN JOSE DE CUCUTA,54001,ACPM,9616
01 Apr 2023,2023,4,1,ANTIOQUIA,ANORI,05040,ACPM,10000
04 Apr 2023,2023,4,4,CUNDINAMARCA,BOJACA,25099,ACPM,9400
04 Apr 2023,2023,4,4,CUNDINAMARCA,BOJACA,25099,ACPM,9400
25 Apr 2023,2023,4,25,CALDAS,MANIZALES,17001,ACPM,9180
04 Apr 2023,2023,4,4,SANTANDER,BUCARAMANGA,68001,ACPM,8803
01 Apr 2023,2023,4,1,NARIÑO,PASTO,52001,ACPM,8390
01 Apr 2023,2023,4,1,NARIÑO,PASTO,52001,ACPM,8390
01 Apr 2023,2023,4,1,NARIÑO,PASTO,52001,ACPM,8390
01 Apr 2023,2023,4,1,NARIÑO,PASTO,52001,ACPM,8390
01 Apr 2023,2023,4,1,NARIÑO,PASTO,52001,ACPM,8390
04 Apr 2023,2023,4,4,CHOCO,BAHIA SOLANO,27075,GASOLINA CORRIENTE,15000
01 Apr 2023,2023,4,1,BOYACA,CHIQUINQUIRA,15176,GASOLINA EXTRA,20199
03 Apr 2023,2023,4,3,CUNDINAMARCA,GIRARDOT,25307,ACPM,10799
19 Apr 2023,2023,4,19,NARIÑO,CUMBITARA,52233,GASOLINA CORRIENTE,9710
19 Apr 2023,2023,4,19,NARIÑO,CUMBITARA,52233,GASOLINA CORRIENTE,9710
19 Apr 2023,2023,4,19,NARIÑO,CUMBITARA,52233,GASOLINA CORRIENTE,9710
01 Apr 2023,2023,4,1,TOLIMA,FLANDES,73275,GASOLINA CORRIENTE,11190
01 Apr 2023,2023,4,1,TOLIMA,FLANDES,73275,GASOLINA CORRIENTE,11190
01 Apr 2023,2023,4,1,CALDAS,ANSERMA,17042,GASOLINA CORRIENTE,11818
09 Apr 2023,2023,4,9,ANTIOQUIA,SAN CARLOS,05649,ACPM,10000
03 Apr 2023,2023,4,3,NORTE DE SANTANDER,LA ESPERANZA,54385,GASOLINA CORRIENTE,10287
16 Apr 2023,2023,4,16,CESAR,AGUACHICA,20011,GASOLINA EXTRA,18850
01 Apr 2023,2023,4,1,CALDAS,LA DORADA,17380,GASOLINA CORRIENTE,11073
03 Apr 2023,2023,4,3,CUNDINAMARCA,SILVANIA,25743,ACPM,9300
01 Apr 2023,2023,4,1,VICHADA,LA PRIMAVERA,99524,GASOLINA CORRIENTE,11250
11 Apr 2023,2023,4,11,CUNDINAMARCA,GRANADA,25312,GASOLINA CORRIENTE,11290
10 Apr 2023,2023,4,10,NARIÑO,SAN ANDRES DE TUMACO,52835,GASOLINA CORRIENTE,9000
01 Apr 2023,2023,4,1,SANTANDER,BUCARAMANGA,68001,ACPM,9100
03 Apr 2023,2023,4,3,BOYACA,MONIQUIRA,15469,GASOLINA CORRIENTE,11625
15 Apr 2023,2023,4,15,NORTE DE SANTANDER,ABREGO,54003,ACPM,7520
22 Apr 2023,2023,4,22,NARIÑO,PROVIDENCIA,52565,ACPM,9700
22 Apr 2023,2023,4,22,NARIÑO,PROVIDENCIA,52565,ACPM,9700
01 Apr 2023,2023,4,1,TOLIMA,MELGAR,73449,GASOLINA EXTRA,20470
03 Apr 2023,2023,4,3,ATLANTICO,GALAPA,08296,GASOLINA CORRIENTE,11200
03 Apr 2023,2023,4,3,ATLANTICO,GALAPA,08296,GASOLINA CORRIENTE,11200
04 Apr 2023,2023,4,4,ANTIOQUIA,SABANETA,05631,ACPM,9090
05 Apr 2023,2023,4,5,META,URIBE,50370,GASOLINA CORRIENTE,11400
08 Apr 2023,2023,4,8,CORDOBA,SAN PELAYO,23686,ACPM,9277
26 Apr 2023,2023,4,26,NORTE DE SANTANDER,OCAÑA,54498,ACPM,7549
01 Apr 2023,2023,4,1,QUINDIO,CALARCA,63130,GASOLINA CORRIENTE,11389
04 Apr 2023,2023,4,4,TOLIMA,NATAGAIMA,73483,ACPM,8700
01 Apr 2023,2023,4,1,HUILA,PITALITO,41551,GASOLINA CORRIENTE,11880
01 Apr 2023,2023,4,1,VALLE DEL CAUCA,CALI,76001,GASOLINA EXTRA,18849
12 Apr 2023,2023,4,12,TOLIMA,CUNDAY,73226,GASOLINA CORRIENTE,12650
03 Apr 2023,2023,4,3,CUNDINAMARCA,SASAIMA,25718,GASOLINA CORRIENTE,11570
01 Apr 2023,2023,4,1,CUNDINAMARCA,CAJICA,25126,GASOLINA CORRIENTE,10999
03 Apr 2023,2023,4,3,CAUCA,TIMBIO,19807,GASOLINA CORRIENTE,11950
04 Apr 2023,2023,4,4,BOYACA,MACANAL,15425,GASOLINA CORRIENTE,11800
01 Apr 2023,2023,4,1,MAGDALENA,SANTA MARTA,47001,ACPM,9070
01 Apr 2023,2023,4,1,HUILA,TESALIA,41797,ACPM,9830
01 Apr 2023,2023,4,1,CORDOBA,MONTERIA,23001,GASOLINA CORRIENTE,11675
08 Apr 2023,2023,4,8,VALLE DEL CAUCA,FLORIDA,76275,ACPM,9330
03 Apr 2023,2023,4,3,PUTUMAYO,PUERTO ASIS,86568,ACPM,9064
01 Apr 2023,2023,4,1,CHOCO,QUIBDO,27001,ACPM,9810
03 Apr 2023,2023,4,3,CESAR,SAN MARTIN,20770,ACPM,8630
01 Apr 2023,2023,4,1,CALDAS,MANIZALES,17001,GASOLINA EXTRA,19220
03 Apr 2023,2023,4,3,LA GUAJIRA,HATONUEVO,44378,KEROSENE,9200
03 Apr 2023,2023,4,3,LA GUAJIRA,HATONUEVO,44378,KEROSENE,9200
10 Apr 2023,2023,4,10,VICHADA,LA PRIMAVERA,99524,GASOLINA CORRIENTE,13000
04 Apr 2023,2023,4,4,PUTUMAYO,VALLE DEL GUAMUEZ,86865,ACPM,9280
21 Apr 2023,2023,4,21,NORTE DE SANTANDER,ABREGO,54003,ACPM,8890
27 Apr 2023,2023,4,27,CESAR,VALLEDUPAR,20001,ACPM,8998
21 Apr 2023,2023,4,21,NARIÑO,IPIALES,52356,GASOLINA CORRIENTE,12068
03 Apr 2023,2023,4,3,NARIÑO,NARIÑO,52480,ACPM,8550
01 Apr 2023,2023,4,1,META,RESTREPO,50606,GASOLINA CORRIENTE,11840
01 Apr 2023,2023,4,1,META,RESTREPO,50606,GASOLINA CORRIENTE,11840
24 Apr 2023,2023,4,24,NORTE DE SANTANDER,SAN JOSE DE CUCUTA,54001,GASOLINA CORRIENTE,11800
24 Apr 2023,2023,4,24,NORTE DE SANTANDER,SAN JOSE DE CUCUTA,54001,GASOLINA CORRIENTE,11800
24 Apr 2023,2023,4,24,NORTE DE SANTANDER,SAN JOSE DE CUCUTA,54001,GASOLINA CORRIENTE,11800
24 Apr 2023,2023,4,24,NORTE DE SANTANDER,SAN JOSE DE CUCUTA,54001,GASOLINA CORRIENTE,11800
18 Apr 2023,2023,4,18,VICHADA,PUERTO CARREÑO,99001,GASOLINA CORRIENTE,12095
03 Apr 2023,2023,4,3,NARIÑO,EL CHARCO,52250,GASOLINA CORRIENTE,9160
03 Apr 2023,2023,4,3,NARIÑO,EL CHARCO,52250,GASOLINA CORRIENTE,9160
03 Apr 2023,2023,4,3,NARIÑO,EL CHARCO,52250,GASOLINA CORRIENTE,9160
03 Apr 2023,2023,4,3,NARIÑO,EL CHARCO,52250,GASOLINA CORRIENTE,9160
03 Apr 2023,2023,4,3,NARIÑO,EL CHARCO,52250,GASOLINA CORRIENTE,9160
03 Apr 2023,2023,4,3,NARIÑO,EL CHARCO,52250,GASOLINA CORRIENTE,9160
03 Apr 2023,2023,4,3,NARIÑO,EL CHARCO,52250,GASOLINA CORRIENTE,9160
03 Apr 2023,2023,4,3,NARIÑO,EL CHARCO,52250,GASOLINA CORRIENTE,9160
03 Apr 2023,2023,4,3,NARIÑO,EL CHARCO,52250,GASOLINA CORRIENTE,9160
03 Apr 2023,2023,4,3,NARIÑO,EL CHARCO,52250,GASOLINA CORRIENTE,9160
03 Apr 2023,2023,4,3,ANTIOQUIA,ENVIGADO,05266,GASOLINA EXTRA,21060
03 Apr 2023,2023,4,3,CORDOBA,MONTERIA,23001,GASOLINA CORRIENTE,11220
03 Apr 2023,2023,4,3,VALLE DEL CAUCA,BUENAVENTURA,76109,GASOLINA CORRIENTE,11541
04 Apr 2023,2023,4,4,META,RESTREPO,50606,GASOLINA CORRIENTE,11790
25 Apr 2023,2023,4,25,NARIÑO,BARBACOAS,52079,ACPM,10113
03 Apr 2023,2023,4,3,CESAR,AGUACHICA,20011,GASOLINA CORRIENTE,7880
01 Apr 2023,2023,4,1,NORTE DE SANTANDER,LOS PATIOS,54405,GASOLINA EXTRA,19689
01 Apr 2023,2023,4,1,NORTE DE SANTANDER,LOS PATIOS,54405,GASOLINA EXTRA,19689
01 Apr 2023,2023,4,1,ANTIOQUIA,SOPETRAN,05761,GASOLINA CORRIENTE,12457
18 Apr 2023,2023,4,18,PUTUMAYO,VILLAGARZON,86885,ACPM,9990
01 Apr 2023,2023,4,1,LA GUAJIRA,ALBANIA,44035,KEROSENE,9847
01 Apr 2023,2023,4,1,LA GUAJIRA,ALBANIA,44035,KEROSENE,9847
21 Apr 2023,2023,4,21,NARIÑO,GUACHUCAL,52317,GASOLINA CORRIENTE,12250
21 Apr 2023,2023,4,21,NARIÑO,GUACHUCAL,52317,GASOLINA CORRIENTE,12250
01 Apr 2023,2023,4,1,SANTANDER,FLORIDABLANCA,68276,GASOLINA EXTRA,19200
05 Apr 2023,2023,4,5,CESAR,SAN ALBERTO,20710,GASOLINA EXTRA,19250
01 Apr 2023,2023,4,1,CESAR,RIO DE ORO,20614,ACPM,8090
25 Apr 2023,2023,4,25,NORTE DE SANTANDER,LOS PATIOS,54405,ACPM,9615
01 Apr 2023,2023,4,1,QUINDIO,ARMENIA,63001,GASOLINA EXTRA,19770
02 Apr 2023,2023,4,2,CORDOBA,MONTERIA,23001,GASOLINA CORRIENTE,11390
01 Apr 2023,2023,4,1,RISARALDA,PEREIRA,66001,GASOLINA EXTRA,19690
28 Apr 2023,2023,4,28,NORTE DE SANTANDER,LOS PATIOS,54405,GASOLINA CORRIENTE,11816
01 Apr 2023,2023,4,1,ANTIOQUIA,JARDIN,05364,GASOLINA CORRIENTE,12000
06 Apr 2023,2023,4,6,NARIÑO,ILES,52352,ACPM,9500
12 Apr 2023,2023,4,12,NORTE DE SANTANDER,GRAMALOTE,54313,GASOLINA CORRIENTE,11799
12 Apr 2023,2023,4,12,NORTE DE SANTANDER,GRAMALOTE,54313,GASOLINA CORRIENTE,11799
03 Apr 2023,2023,4,3,SUCRE,OVEJAS,70508,ACPM,8850
04 Apr 2023,2023,4,4,VALLE DEL CAUCA,CARTAGO,76147,GASOLINA CORRIENTE,11300
01 Apr 2023,2023,4,1,RISARALDA,DOSQUEBRADAS,66170,GASOLINA CORRIENTE,11050
23 Apr 2023,2023,4,23,CESAR,AGUACHICA,20011,GASOLINA CORRIENTE,9300
04 Apr 2023,2023,4,4,CAQUETA,VALPARAISO,18860,ACPM,9900
23 Apr 2023,2023,4,23,PUTUMAYO,ORITO,86320,GASOLINA CORRIENTE,12410
01 Apr 2023,2023,4,1,NARIÑO,POLICARPA,52540,GASOLINA CORRIENTE,12000
01 Apr 2023,2023,4,1,NARIÑO,POLICARPA,52540,GASOLINA CORRIENTE,12000
14 Apr 2023,2023,4,14,NORTE DE SANTANDER,SAN JOSE DE CUCUTA,54001,GASOLINA CORRIENTE,9700
14 Apr 2023,2023,4,14,NORTE DE SANTANDER,SAN JOSE DE CUCUTA,54001,GASOLINA CORRIENTE,9700
01 Apr 2023,2023,4,1,ATLANTICO,BARRANQUILLA,08001,GASOLINA CORRIENTE,11290
01 Apr 2023,2023,4,1,ATLANTICO,BARRANQUILLA,08001,GASOLINA CORRIENTE,11290
01 Apr 2023,2023,4,1,ATLANTICO,BARRANQUILLA,08001,GASOLINA CORRIENTE,11290
01 Apr 2023,2023,4,1,ATLANTICO,BARRANQUILLA,08001,GASOLINA CORRIENTE,11290
01 Apr 2023,2023,4,1,ANTIOQUIA,ANDES,05034,GASOLINA CORRIENTE,12770
01 Apr 2023,2023,4,1,CORDOBA,CERETE,23162,GASOLINA EXTRA,19810
05 Apr 2023,2023,4,5,VALLE DEL CAUCA,CALI,76001,GASOLINA CORRIENTE,11660
01 Apr 2023,2023,4,1,CUNDINAMARCA,GACHANCIPA,25295,GASOLINA CORRIENTE,11249
20 Apr 2023,2023,4,20,SUCRE,SINCELEJO,70001,ACPM,8920
09 Apr 2023,2023,4,9,VALLE DEL CAUCA,CALI,76001,GASOLINA CORRIENTE,11190
21 Apr 2023,2023,4,21,PUTUMAYO,VILLAGARZON,86885,GASOLINA CORRIENTE,10860
05 Apr 2023,2023,4,5,MAGDALENA,NUEVA GRANADA,47460,ACPM,8940
03 Apr 2023,2023,4,3,ATLANTICO,BARRANQUILLA,08001,ACPM,8800
03 Apr 2023,2023,4,3,ATLANTICO,BARRANQUILLA,08001,ACPM,8800
03 Apr 2023,2023,4,3,TOLIMA,COELLO,73200,GASOLINA CORRIENTE,11199
01 Apr 2023,2023,4,1,SUCRE,SAN ONOFRE,70713,ACPM,8770
01 Apr 2023,2023,4,1,ANTIOQUIA,MEDELLIN,05001,GASOLINA CORRIENTE,11750
26 Apr 2023,2023,4,26,NARIÑO,IPIALES,52356,GASOLINA CORRIENTE,11999
17 Apr 2023,2023,4,17,VALLE DEL CAUCA,CALI,76001,ACPM,9030
02 Apr 2023,2023,4,2,ANTIOQUIA,CONCORDIA,05209,ACPM,9988
27 Apr 2023,2023,4,27,CESAR,SAN ALBERTO,20710,ACPM,8200
01 Apr 2023,2023,4,1,ANTIOQUIA,MEDELLIN,05001,GASOLINA EXTRA,19220
10 Apr 2023,2023,4,10,LA GUAJIRA,FONSECA,44279,AVIGAS,9300
01 Apr 2023,2023,4,1,VALLE DEL CAUCA,CALI,76001,ACPM,10690
20 Apr 2023,2023,4,20,PUTUMAYO,VILLAGARZON,86885,ACPM,10100
05 Apr 2023,2023,4,5,SANTANDER,GALAN,68296,GASOLINA CORRIENTE,11430
01 Apr 2023,2023,4,1,NARIÑO,SANDONA,52683,ACPM,8596
03 Apr 2023,2023,4,3,RISARALDA,PEREIRA,66001,ACPM,9880
01 Apr 2023,2023,4,1,ANTIOQUIA,NECOCLI,05490,ACPM,9320
03 Apr 2023,2023,4,3,CESAR,EL PASO,20250,GASOLINA CORRIENTE,9500
01 Apr 2023,2023,4,1,CAQUETA,PUERTO RICO,18592,GASOLINA CORRIENTE,12080
05 Apr 2023,2023,4,5,ANTIOQUIA,MEDELLIN,05001,ACPM,10021
03 Apr 2023,2023,4,3,CAQUETA,FLORENCIA,18001,GASOLINA EXTRA,19860
01 Apr 2023,2023,4,1,MAGDALENA,SANTA MARTA,47001,GASOLINA EXTRA,20259
24 Apr 2023,2023,4,24,NARIÑO,SAMANIEGO,52678,GASOLINA CORRIENTE,11900
24 Apr 2023,2023,4,24,NARIÑO,SAMANIEGO,52678,GASOLINA CORRIENTE,11900
11 Apr 2023,2023,4,11,NORTE DE SANTANDER,EL ZULIA,54261,ACPM,9400
20 Apr 2023,2023,4,20,META,GRANADA,50313,GASOLINA CORRIENTE,11420
17 Apr 2023,2023,4,17,NORTE DE SANTANDER,VILLA DEL ROSARIO,54874,GASOLINA CORRIENTE,7173
03 Apr 2023,2023,4,3,ATLANTICO,GALAPA,08296,GASOLINA CORRIENTE,10939
11 Apr 2023,2023,4,11,CAUCA,TIMBIQUI,19809,ACPM,10850
25 Apr 2023,2023,4,25,PUTUMAYO,MOCOA,86001,ACPM,9930
25 Apr 2023,2023,4,25,PUTUMAYO,MOCOA,86001,ACPM,9930
04 Apr 2023,2023,4,4,ANTIOQUIA,ITAGUI,05360,ACPM,9460
04 Apr 2023,2023,4,4,ANTIOQUIA,ITAGUI,05360,ACPM,9460
12 Apr 2023,2023,4,12,NORTE DE SANTANDER,EL CARMEN,54245,GASOLINA CORRIENTE,9000
01 Apr 2023,2023,4,1,TOLIMA,IBAGUE,73001,ACPM,8840
04 Apr 2023,2023,4,4,ATLANTICO,SOLEDAD,08758,ACPM,8580
19 Apr 2023,2023,4,19,CESAR,AGUACHICA,20011,GASOLINA EXTRA,9500
03 Apr 2023,2023,4,3,CUNDINAMARCA,SOACHA,25754,GASOLINA CORRIENTE,11560
01 Apr 2023,2023,4,1,CASANARE,YOPAL,85001,GASOLINA CORRIENTE,11350
13 Apr 2023,2023,4,13,HUILA,AIPE,41016,ACPM,9245
22 Apr 2023,2023,4,22,NORTE DE SANTANDER,LOS PATIOS,54405,GASOLINA CORRIENTE,11811
07 Apr 2023,2023,4,7,NARIÑO,POLICARPA,52540,GASOLINA CORRIENTE,9350
07 Apr 2023,2023,4,7,NARIÑO,POLICARPA,52540,GASOLINA CORRIENTE,9350
29 Apr 2023,2023,4,29,RISARALDA,PEREIRA,66001,GASOLINA CORRIENTE,11630
01 Apr 2023,2023,4,1,CESAR,VALLEDUPAR,20001,GASOLINA CORRIENTE,9090
01 Apr 2023,2023,4,1,CESAR,VALLEDUPAR,20001,GASOLINA CORRIENTE,9090
01 Apr 2023,2023,4,1,MAGDALENA,FUNDACION,47288,GASOLINA CORRIENTE,10550
01 Apr 2023,2023,4,1,MAGDALENA,FUNDACION,47288,GASOLINA CORRIENTE,10550
01 Apr 2023,2023,4,1,ANTIOQUIA,MARINILLA,05440,ACPM,9500
17 Apr 2023,2023,4,17,CHOCO,EL CANTON DEL SAN PABLO,27135,KEROSENE,12200
